USE LSR;
INSERT INTO country_table (country_id, country_name) VALUES
('ITCT0001', 'Italia'),
('ITCT0002', 'Italia'),
('ITCT0003', 'Italia'),
('ITCT0004', 'Italia'),
('ITCT0005', 'Italia'),
('SPCT0001', 'Spagna'),
('SPCT0002', 'Spagna'),
('FRCT0001', 'Francia'),
('DECT0001', 'Germania'),
('DECT0002', 'Germania'),
('GRCT0001', 'Grecia');
INSERT INTO state_table (state_id, state_name, country_id) VALUES
('ITST001', 'lombardia', 'ITCT0001'),
('ITST001', 'lombardia', 'ITCT0002'),
('ITST002', 'Lazio', 'ITCT0003'),
('ITST001', 'lombardia', 'ITCT0004'),
('ITST003', 'Piemonte', 'ITCT0005'),
('SPST001', 'Madrid', 'SPCT0001'),
('SPST002', 'Catalunya', 'SPCT0002'),
('FRST001', 'Ile de France', 'FRCT0001'),
('DEST001', 'Berlino', 'DECT0001'),
('DEST002', 'Bavaria', 'DECT0002'),
('DEST002', 'Attica', 'GRCT0001');
INSERT INTO city_table (city_id, city_name, zip_code, state_id) VALUES
('IT00001', 'Bergamo', '24100', 'ITST001'),
('IT00001', 'Brescia', '25121', 'ITST001'),
('IT00001', 'Roma', '00118', 'ITST002'),
('IT00001', 'Milano', '20121', 'ITST001'),
('IT00001', 'Torino', '10121', 'ITST003'),
('SP00001', 'Madrid', '28001', 'SPST001'),
('SP00001', 'Barcelona', '08001', 'SPST002'),
('FR00001', 'Sevilla', '41001', 'FRST001'),
('DE00001', 'Berlin', '10115', 'DEST001'),
('DE00001', 'Munich', '80331', 'DEST002'),
('GR00001', 'Cologne', '50667', 'DEST002');
INSERT INTO zip_table (zip_code, city_id) VALUES
('24100', 'IT00001'),
('24101', 'IT00001'),
('24102', 'IT00001'),
('24103', 'IT00001'),
('24104', 'IT00001'),
('24105', 'IT00001'),
('24106', 'IT00001'),
('24107', 'IT00001'),
('24108', 'IT00001'),
('24109', 'IT00001'),
('24110', 'IT00001'),
('24111', 'IT00001'),
('24112', 'IT00001'),
('24113', 'IT00001'),
('24114', 'IT00001'),
('24115', 'IT00001'),
('24116', 'IT00001'),
('24117', 'IT00001'),
('24118', 'IT00001'),
('24119', 'IT00001'),
('24120', 'IT00001'),
('24121', 'IT00001'),
('24122', 'IT00001'),
('24123', 'IT00001'),
('24124', 'IT00001'),
('24125', 'IT00001'),
('24126', 'IT00001'),
('24127', 'IT00001'),
('24128', 'IT00001'),
('24129', 'IT00001'),
('24130', 'IT00001'),
('25121', 'IT00001'),
('25122', 'IT00001'),
('25123', 'IT00001'),
('25124', 'IT00001'),
('25125', 'IT00001'),
('25126', 'IT00001'),
('25127', 'IT00001'),
('25128', 'IT00001'),
('25129', 'IT00001'),
('25130', 'IT00001'),
('25131', 'IT00001'),
('25132', 'IT00001'),
('25133', 'IT00001'),
('25134', 'IT00001'),
('25135', 'IT00001'),
('25136', 'IT00001'),
('00118', 'IT00001'),
('00119', 'IT00001'),
('00120', 'IT00001'),
('00121', 'IT00001'),
('00122', 'IT00001'),
('00123', 'IT00001'),
('00124', 'IT00001'),
('00125', 'IT00001'),
('00126', 'IT00001'),
('00127', 'IT00001'),
('00128', 'IT00001'),
('00129', 'IT00001'),
('00130', 'IT00001'),
('00131', 'IT00001'),
('00132', 'IT00001'),
('00133', 'IT00001'),
('00134', 'IT00001'),
('00135', 'IT00001'),
('00136', 'IT00001'),
('00137', 'IT00001'),
('00138', 'IT00001'),
('00139', 'IT00001'),
('00140', 'IT00001'),
('00141', 'IT00001'),
('00142', 'IT00001'),
('00143', 'IT00001'),
('00144', 'IT00001'),
('00145', 'IT00001'),
('00146', 'IT00001'),
('00147', 'IT00001'),
('00148', 'IT00001'),
('00149', 'IT00001'),
('00150', 'IT00001'),
('00151', 'IT00001'),
('00152', 'IT00001'),
('00153', 'IT00001'),
('00154', 'IT00001'),
('00155', 'IT00001'),
('00156', 'IT00001'),
('00157', 'IT00001'),
('00158', 'IT00001'),
('00159', 'IT00001'),
('00160', 'IT00001'),
('00161', 'IT00001'),
('00162', 'IT00001'),
('00163', 'IT00001'),
('00164', 'IT00001'),
('00165', 'IT00001'),
('00166', 'IT00001'),
('00167', 'IT00001'),
('00168', 'IT00001'),
('00169', 'IT00001'),
('00170', 'IT00001'),
('00171', 'IT00001'),
('00172', 'IT00001'),
('00173', 'IT00001'),
('00174', 'IT00001'),
('00175', 'IT00001'),
('00176', 'IT00001'),
('00177', 'IT00001'),
('00178', 'IT00001'),
('00179', 'IT00001'),
('00180', 'IT00001'),
('00181', 'IT00001'),
('00182', 'IT00001'),
('00183', 'IT00001'),
('00184', 'IT00001'),
('00185', 'IT00001'),
('00186', 'IT00001'),
('00187', 'IT00001'),
('00188', 'IT00001'),
('00189', 'IT00001'),
('00190', 'IT00001'),
('00191', 'IT00001'),
('00192', 'IT00001'),
('00193', 'IT00001'),
('00194', 'IT00001'),
('00195', 'IT00001'),
('00196', 'IT00001'),
('00197', 'IT00001'),
('00198', 'IT00001'),
('00199', 'IT00001'),
('20121', 'IT00001'),
('20122', 'IT00001'),
('20123', 'IT00001'),
('20124', 'IT00001'),
('20125', 'IT00001'),
('20126', 'IT00001'),
('20127', 'IT00001'),
('20128', 'IT00001'),
('20129', 'IT00001'),
('20130', 'IT00001'),
('20131', 'IT00001'),
('20132', 'IT00001'),
('20133', 'IT00001'),
('20134', 'IT00001'),
('20135', 'IT00001'),
('20136', 'IT00001'),
('20137', 'IT00001'),
('20138', 'IT00001'),
('20139', 'IT00001'),
('20140', 'IT00001'),
('20141', 'IT00001'),
('20142', 'IT00001'),
('20143', 'IT00001'),
('20144', 'IT00001'),
('20145', 'IT00001'),
('20146', 'IT00001'),
('20147', 'IT00001'),
('20148', 'IT00001'),
('20149', 'IT00001'),
('20150', 'IT00001'),
('20151', 'IT00001'),
('20152', 'IT00001'),
('20153', 'IT00001'),
('20154', 'IT00001'),
('20155', 'IT00001'),
('20156', 'IT00001'),
('20157', 'IT00001'),
('20158', 'IT00001'),
('20159', 'IT00001'),
('20160', 'IT00001'),
('20161', 'IT00001'),
('20162', 'IT00001'),
('10121', 'IT00001'),
('10122', 'IT00001'),
('10123', 'IT00001'),
('10124', 'IT00001'),
('10125', 'IT00001'),
('10126', 'IT00001'),
('10127', 'IT00001'),
('10128', 'IT00001'),
('10129', 'IT00001'),
('10130', 'IT00001'),
('10131', 'IT00001'),
('10132', 'IT00001'),
('10133', 'IT00001'),
('10134', 'IT00001'),
('10135', 'IT00001'),
('10136', 'IT00001'),
('10137', 'IT00001'),
('10138', 'IT00001'),
('10139', 'IT00001'),
('10140', 'IT00001'),
('10141', 'IT00001'),
('10142', 'IT00001'),
('10143', 'IT00001'),
('10144', 'IT00001'),
('10145', 'IT00001'),
('10146', 'IT00001'),
('10147', 'IT00001'),
('10148', 'IT00001'),
('10149', 'IT00001'),
('10150', 'IT00001'),
('10151', 'IT00001'),
('10152', 'IT00001'),
('10153', 'IT00001'),
('10154', 'IT00001'),
('10155', 'IT00001'),
('10156', 'IT00001'),
('28001', 'SP00001'),
('28002', 'SP00001'),
('28003', 'SP00001'),
('28004', 'SP00001'),
('28005', 'SP00001'),
('28006', 'SP00001'),
('28007', 'SP00001'),
('28008', 'SP00001'),
('28009', 'SP00001'),
('28010', 'SP00001'),
('28011', 'SP00001'),
('28012', 'SP00001'),
('28013', 'SP00001'),
('28014', 'SP00001'),
('28015', 'SP00001'),
('28016', 'SP00001'),
('28017', 'SP00001'),
('28018', 'SP00001'),
('28019', 'SP00001'),
('28020', 'SP00001'),
('28021', 'SP00001'),
('28022', 'SP00001'),
('28023', 'SP00001'),
('28024', 'SP00001'),
('28025', 'SP00001'),
('28026', 'SP00001'),
('28027', 'SP00001'),
('28028', 'SP00001'),
('28029', 'SP00001'),
('28030', 'SP00001'),
('28031', 'SP00001'),
('28032', 'SP00001'),
('28033', 'SP00001'),
('28034', 'SP00001'),
('28035', 'SP00001'),
('28036', 'SP00001'),
('28037', 'SP00001'),
('28038', 'SP00001'),
('28039', 'SP00001'),
('28040', 'SP00001'),
('28041', 'SP00001'),
('28042', 'SP00001'),
('28043', 'SP00001'),
('28044', 'SP00001'),
('28045', 'SP00001'),
('28046', 'SP00001'),
('28047', 'SP00001'),
('28048', 'SP00001'),
('28049', 'SP00001'),
('28050', 'SP00001'),
('28051', 'SP00001'),
('28052', 'SP00001'),
('28053', 'SP00001'),
('28054', 'SP00001'),
('28055', 'SP00001'),
('08001', 'SP00001'),
('08002', 'SP00001'),
('08003', 'SP00001'),
('08004', 'SP00001'),
('08005', 'SP00001'),
('08006', 'SP00001'),
('08007', 'SP00001'),
('08008', 'SP00001'),
('08009', 'SP00001'),
('08010', 'SP00001'),
('08011', 'SP00001'),
('08012', 'SP00001'),
('08013', 'SP00001'),
('08014', 'SP00001'),
('08015', 'SP00001'),
('08016', 'SP00001'),
('08017', 'SP00001'),
('08018', 'SP00001'),
('08019', 'SP00001'),
('08020', 'SP00001'),
('08021', 'SP00001'),
('08022', 'SP00001'),
('08023', 'SP00001'),
('08024', 'SP00001'),
('08025', 'SP00001'),
('08026', 'SP00001'),
('08027', 'SP00001'),
('08028', 'SP00001'),
('08029', 'SP00001'),
('08030', 'SP00001'),
('08031', 'SP00001'),
('08032', 'SP00001'),
('08033', 'SP00001'),
('08034', 'SP00001'),
('08035', 'SP00001'),
('08036', 'SP00001'),
('08037', 'SP00001'),
('08038', 'SP00001'),
('08039', 'SP00001'),
('08040', 'SP00001'),
('08041', 'SP00001'),
('08042', 'SP00001'),
('41001', 'FR00001'),
('41002', 'FR00001'),
('41003', 'FR00001'),
('41004', 'FR00001'),
('41005', 'FR00001'),
('41006', 'FR00001'),
('41007', 'FR00001'),
('41008', 'FR00001'),
('41009', 'FR00001'),
('41010', 'FR00001'),
('41011', 'FR00001'),
('41012', 'FR00001'),
('41013', 'FR00001'),
('41014', 'FR00001'),
('41015', 'FR00001'),
('41016', 'FR00001'),
('41017', 'FR00001'),
('41018', 'FR00001'),
('41019', 'FR00001'),
('41020', 'FR00001'),
('10115', 'DE00001'),
('10116', 'DE00001'),
('10117', 'DE00001'),
('10118', 'DE00001'),
('10119', 'DE00001'),
('10120', 'DE00001'),
('10121', 'DE00001'),
('10122', 'DE00001'),
('10123', 'DE00001'),
('10124', 'DE00001'),
('10125', 'DE00001'),
('10126', 'DE00001'),
('10127', 'DE00001'),
('10128', 'DE00001'),
('10129', 'DE00001'),
('10130', 'DE00001'),
('10131', 'DE00001'),
('10132', 'DE00001'),
('10133', 'DE00001'),
('10134', 'DE00001'),
('10135', 'DE00001'),
('10136', 'DE00001'),
('10137', 'DE00001'),
('10138', 'DE00001'),
('10139', 'DE00001'),
('10140', 'DE00001'),
('10141', 'DE00001'),
('10142', 'DE00001'),
('10143', 'DE00001'),
('10144', 'DE00001'),
('10145', 'DE00001'),
('10146', 'DE00001'),
('10147', 'DE00001'),
('10148', 'DE00001'),
('10149', 'DE00001'),
('10150', 'DE00001'),
('10151', 'DE00001'),
('10152', 'DE00001'),
('10153', 'DE00001'),
('10154', 'DE00001'),
('10155', 'DE00001'),
('10156', 'DE00001'),
('10157', 'DE00001'),
('10158', 'DE00001'),
('10159', 'DE00001'),
('10160', 'DE00001'),
('10161', 'DE00001'),
('10162', 'DE00001'),
('10163', 'DE00001'),
('10164', 'DE00001'),
('10165', 'DE00001'),
('10166', 'DE00001'),
('10167', 'DE00001'),
('10168', 'DE00001'),
('10169', 'DE00001'),
('10170', 'DE00001'),
('10171', 'DE00001'),
('10172', 'DE00001'),
('10173', 'DE00001'),
('10174', 'DE00001'),
('10175', 'DE00001'),
('10176', 'DE00001'),
('10177', 'DE00001'),
('10178', 'DE00001'),
('10179', 'DE00001'),
('10180', 'DE00001'),
('10181', 'DE00001'),
('10182', 'DE00001'),
('10183', 'DE00001'),
('10184', 'DE00001'),
('10185', 'DE00001'),
('10186', 'DE00001'),
('10187', 'DE00001'),
('10188', 'DE00001'),
('10189', 'DE00001'),
('10190', 'DE00001'),
('10191', 'DE00001'),
('10192', 'DE00001'),
('10193', 'DE00001'),
('10194', 'DE00001'),
('10195', 'DE00001'),
('10196', 'DE00001'),
('10197', 'DE00001'),
('10198', 'DE00001'),
('10199', 'DE00001'),
('10200', 'DE00001'),
('10201', 'DE00001'),
('10202', 'DE00001'),
('10203', 'DE00001'),
('10204', 'DE00001'),
('10205', 'DE00001'),
('10206', 'DE00001'),
('10207', 'DE00001'),
('10208', 'DE00001'),
('10209', 'DE00001'),
('10210', 'DE00001'),
('10211', 'DE00001'),
('10212', 'DE00001'),
('10213', 'DE00001'),
('10214', 'DE00001'),
('10215', 'DE00001'),
('10216', 'DE00001'),
('10217', 'DE00001'),
('10218', 'DE00001'),
('10219', 'DE00001'),
('10220', 'DE00001'),
('10221', 'DE00001'),
('10222', 'DE00001'),
('10223', 'DE00001'),
('10224', 'DE00001'),
('10225', 'DE00001'),
('10226', 'DE00001'),
('10227', 'DE00001'),
('10228', 'DE00001'),
('10229', 'DE00001'),
('10230', 'DE00001'),
('10231', 'DE00001'),
('10232', 'DE00001'),
('10233', 'DE00001'),
('10234', 'DE00001'),
('10235', 'DE00001'),
('10236', 'DE00001'),
('10237', 'DE00001'),
('10238', 'DE00001'),
('10239', 'DE00001'),
('10240', 'DE00001'),
('10241', 'DE00001'),
('10242', 'DE00001'),
('10243', 'DE00001'),
('10244', 'DE00001'),
('10245', 'DE00001'),
('10246', 'DE00001'),
('10247', 'DE00001'),
('10248', 'DE00001'),
('10249', 'DE00001'),
('10250', 'DE00001'),
('10251', 'DE00001'),
('10252', 'DE00001'),
('10253', 'DE00001'),
('10254', 'DE00001'),
('10255', 'DE00001'),
('10256', 'DE00001'),
('10257', 'DE00001'),
('10258', 'DE00001'),
('10259', 'DE00001'),
('10260', 'DE00001'),
('10261', 'DE00001'),
('10262', 'DE00001'),
('10263', 'DE00001'),
('10264', 'DE00001'),
('10265', 'DE00001'),
('10266', 'DE00001'),
('10267', 'DE00001'),
('10268', 'DE00001'),
('10269', 'DE00001'),
('10270', 'DE00001'),
('10271', 'DE00001'),
('10272', 'DE00001'),
('10273', 'DE00001'),
('10274', 'DE00001'),
('10275', 'DE00001'),
('10276', 'DE00001'),
('10277', 'DE00001'),
('10278', 'DE00001'),
('10279', 'DE00001'),
('10280', 'DE00001'),
('10281', 'DE00001'),
('10282', 'DE00001'),
('10283', 'DE00001'),
('10284', 'DE00001'),
('10285', 'DE00001'),
('10286', 'DE00001'),
('10287', 'DE00001'),
('10288', 'DE00001'),
('10289', 'DE00001'),
('10290', 'DE00001'),
('10291', 'DE00001'),
('10292', 'DE00001'),
('10293', 'DE00001'),
('10294', 'DE00001'),
('10295', 'DE00001'),
('10296', 'DE00001'),
('10297', 'DE00001'),
('10298', 'DE00001'),
('10299', 'DE00001'),
('10300', 'DE00001'),
('10301', 'DE00001'),
('10302', 'DE00001'),
('10303', 'DE00001'),
('10304', 'DE00001'),
('10305', 'DE00001'),
('10306', 'DE00001'),
('10307', 'DE00001'),
('10308', 'DE00001'),
('10309', 'DE00001'),
('10310', 'DE00001'),
('10311', 'DE00001'),
('10312', 'DE00001'),
('10313', 'DE00001'),
('10314', 'DE00001'),
('10315', 'DE00001'),
('10316', 'DE00001'),
('10317', 'DE00001'),
('10318', 'DE00001'),
('10319', 'DE00001'),
('10320', 'DE00001'),
('10321', 'DE00001'),
('10322', 'DE00001'),
('10323', 'DE00001'),
('10324', 'DE00001'),
('10325', 'DE00001'),
('10326', 'DE00001'),
('10327', 'DE00001'),
('10328', 'DE00001'),
('10329', 'DE00001'),
('10330', 'DE00001'),
('10331', 'DE00001'),
('10332', 'DE00001'),
('10333', 'DE00001'),
('10334', 'DE00001'),
('10335', 'DE00001'),
('10336', 'DE00001'),
('10337', 'DE00001'),
('10338', 'DE00001'),
('10339', 'DE00001'),
('10340', 'DE00001'),
('10341', 'DE00001'),
('10342', 'DE00001'),
('10343', 'DE00001'),
('10344', 'DE00001'),
('10345', 'DE00001'),
('10346', 'DE00001'),
('10347', 'DE00001'),
('10348', 'DE00001'),
('10349', 'DE00001'),
('10350', 'DE00001'),
('10351', 'DE00001'),
('10352', 'DE00001'),
('10353', 'DE00001'),
('10354', 'DE00001'),
('10355', 'DE00001'),
('10356', 'DE00001'),
('10357', 'DE00001'),
('10358', 'DE00001'),
('10359', 'DE00001'),
('10360', 'DE00001'),
('10361', 'DE00001'),
('10362', 'DE00001'),
('10363', 'DE00001'),
('10364', 'DE00001'),
('10365', 'DE00001'),
('10366', 'DE00001'),
('10367', 'DE00001'),
('10368', 'DE00001'),
('10369', 'DE00001'),
('10370', 'DE00001'),
('10371', 'DE00001'),
('10372', 'DE00001'),
('10373', 'DE00001'),
('10374', 'DE00001'),
('10375', 'DE00001'),
('10376', 'DE00001'),
('10377', 'DE00001'),
('10378', 'DE00001'),
('10379', 'DE00001'),
('10380', 'DE00001'),
('10381', 'DE00001'),
('10382', 'DE00001'),
('10383', 'DE00001'),
('10384', 'DE00001'),
('10385', 'DE00001'),
('10386', 'DE00001'),
('10387', 'DE00001'),
('10388', 'DE00001'),
('10389', 'DE00001'),
('10390', 'DE00001'),
('10391', 'DE00001'),
('10392', 'DE00001'),
('10393', 'DE00001'),
('10394', 'DE00001'),
('10395', 'DE00001'),
('10396', 'DE00001'),
('10397', 'DE00001'),
('10398', 'DE00001'),
('10399', 'DE00001'),
('10400', 'DE00001'),
('10401', 'DE00001'),
('10402', 'DE00001'),
('10403', 'DE00001'),
('10404', 'DE00001'),
('10405', 'DE00001'),
('10406', 'DE00001'),
('10407', 'DE00001'),
('10408', 'DE00001'),
('10409', 'DE00001'),
('10410', 'DE00001'),
('10411', 'DE00001'),
('10412', 'DE00001'),
('10413', 'DE00001'),
('10414', 'DE00001'),
('10415', 'DE00001'),
('10416', 'DE00001'),
('10417', 'DE00001'),
('10418', 'DE00001'),
('10419', 'DE00001'),
('10420', 'DE00001'),
('10421', 'DE00001'),
('10422', 'DE00001'),
('10423', 'DE00001'),
('10424', 'DE00001'),
('10425', 'DE00001'),
('10426', 'DE00001'),
('10427', 'DE00001'),
('10428', 'DE00001'),
('10429', 'DE00001'),
('10430', 'DE00001'),
('10431', 'DE00001'),
('10432', 'DE00001'),
('10433', 'DE00001'),
('10434', 'DE00001'),
('10435', 'DE00001'),
('10436', 'DE00001'),
('10437', 'DE00001'),
('10438', 'DE00001'),
('10439', 'DE00001'),
('10440', 'DE00001'),
('10441', 'DE00001'),
('10442', 'DE00001'),
('10443', 'DE00001'),
('10444', 'DE00001'),
('10445', 'DE00001'),
('10446', 'DE00001'),
('10447', 'DE00001'),
('10448', 'DE00001'),
('10449', 'DE00001'),
('10450', 'DE00001'),
('10451', 'DE00001'),
('10452', 'DE00001'),
('10453', 'DE00001'),
('10454', 'DE00001'),
('10455', 'DE00001'),
('10456', 'DE00001'),
('10457', 'DE00001'),
('10458', 'DE00001'),
('10459', 'DE00001'),
('10460', 'DE00001'),
('10461', 'DE00001'),
('10462', 'DE00001'),
('10463', 'DE00001'),
('10464', 'DE00001'),
('10465', 'DE00001'),
('10466', 'DE00001'),
('10467', 'DE00001'),
('10468', 'DE00001'),
('10469', 'DE00001'),
('10470', 'DE00001'),
('10471', 'DE00001'),
('10472', 'DE00001'),
('10473', 'DE00001'),
('10474', 'DE00001'),
('10475', 'DE00001'),
('10476', 'DE00001'),
('10477', 'DE00001'),
('10478', 'DE00001'),
('10479', 'DE00001'),
('10480', 'DE00001'),
('10481', 'DE00001'),
('10482', 'DE00001'),
('10483', 'DE00001'),
('10484', 'DE00001'),
('10485', 'DE00001'),
('10486', 'DE00001'),
('10487', 'DE00001'),
('10488', 'DE00001'),
('10489', 'DE00001'),
('10490', 'DE00001'),
('10491', 'DE00001'),
('10492', 'DE00001'),
('10493', 'DE00001'),
('10494', 'DE00001'),
('10495', 'DE00001'),
('10496', 'DE00001'),
('10497', 'DE00001'),
('10498', 'DE00001'),
('10499', 'DE00001'),
('10500', 'DE00001'),
('10501', 'DE00001'),
('10502', 'DE00001'),
('10503', 'DE00001'),
('10504', 'DE00001'),
('10505', 'DE00001'),
('10506', 'DE00001'),
('10507', 'DE00001'),
('10508', 'DE00001'),
('10509', 'DE00001'),
('10510', 'DE00001'),
('10511', 'DE00001'),
('10512', 'DE00001'),
('10513', 'DE00001'),
('10514', 'DE00001'),
('10515', 'DE00001'),
('10516', 'DE00001'),
('10517', 'DE00001'),
('10518', 'DE00001'),
('10519', 'DE00001'),
('10520', 'DE00001'),
('10521', 'DE00001'),
('10522', 'DE00001'),
('10523', 'DE00001'),
('10524', 'DE00001'),
('10525', 'DE00001'),
('10526', 'DE00001'),
('10527', 'DE00001'),
('10528', 'DE00001'),
('10529', 'DE00001'),
('10530', 'DE00001'),
('10531', 'DE00001'),
('10532', 'DE00001'),
('10533', 'DE00001'),
('10534', 'DE00001'),
('10535', 'DE00001'),
('10536', 'DE00001'),
('10537', 'DE00001'),
('10538', 'DE00001'),
('10539', 'DE00001'),
('10540', 'DE00001'),
('10541', 'DE00001'),
('10542', 'DE00001'),
('10543', 'DE00001'),
('10544', 'DE00001'),
('10545', 'DE00001'),
('10546', 'DE00001'),
('10547', 'DE00001'),
('10548', 'DE00001'),
('10549', 'DE00001'),
('10550', 'DE00001'),
('10551', 'DE00001'),
('10552', 'DE00001'),
('10553', 'DE00001'),
('10554', 'DE00001'),
('10555', 'DE00001'),
('10556', 'DE00001'),
('10557', 'DE00001'),
('10558', 'DE00001'),
('10559', 'DE00001'),
('10560', 'DE00001'),
('10561', 'DE00001'),
('10562', 'DE00001'),
('10563', 'DE00001'),
('10564', 'DE00001'),
('10565', 'DE00001'),
('10566', 'DE00001'),
('10567', 'DE00001'),
('10568', 'DE00001'),
('10569', 'DE00001'),
('10570', 'DE00001'),
('10571', 'DE00001'),
('10572', 'DE00001'),
('10573', 'DE00001'),
('10574', 'DE00001'),
('10575', 'DE00001'),
('10576', 'DE00001'),
('10577', 'DE00001'),
('10578', 'DE00001'),
('10579', 'DE00001'),
('10580', 'DE00001'),
('10581', 'DE00001'),
('10582', 'DE00001'),
('10583', 'DE00001'),
('10584', 'DE00001'),
('10585', 'DE00001'),
('10586', 'DE00001'),
('10587', 'DE00001'),
('10588', 'DE00001'),
('10589', 'DE00001'),
('10590', 'DE00001'),
('10591', 'DE00001'),
('10592', 'DE00001'),
('10593', 'DE00001'),
('10594', 'DE00001'),
('10595', 'DE00001'),
('10596', 'DE00001'),
('10597', 'DE00001'),
('10598', 'DE00001'),
('10599', 'DE00001'),
('10600', 'DE00001'),
('10601', 'DE00001'),
('10602', 'DE00001'),
('10603', 'DE00001'),
('10604', 'DE00001'),
('10605', 'DE00001'),
('10606', 'DE00001'),
('10607', 'DE00001'),
('10608', 'DE00001'),
('10609', 'DE00001'),
('10610', 'DE00001'),
('10611', 'DE00001'),
('10612', 'DE00001'),
('10613', 'DE00001'),
('10614', 'DE00001'),
('10615', 'DE00001'),
('10616', 'DE00001'),
('10617', 'DE00001'),
('10618', 'DE00001'),
('10619', 'DE00001'),
('10620', 'DE00001'),
('10621', 'DE00001'),
('10622', 'DE00001'),
('10623', 'DE00001'),
('10624', 'DE00001'),
('10625', 'DE00001'),
('10626', 'DE00001'),
('10627', 'DE00001'),
('10628', 'DE00001'),
('10629', 'DE00001'),
('10630', 'DE00001'),
('10631', 'DE00001'),
('10632', 'DE00001'),
('10633', 'DE00001'),
('10634', 'DE00001'),
('10635', 'DE00001'),
('10636', 'DE00001'),
('10637', 'DE00001'),
('10638', 'DE00001'),
('10639', 'DE00001'),
('10640', 'DE00001'),
('10641', 'DE00001'),
('10642', 'DE00001'),
('10643', 'DE00001'),
('10644', 'DE00001'),
('10645', 'DE00001'),
('10646', 'DE00001'),
('10647', 'DE00001'),
('10648', 'DE00001'),
('10649', 'DE00001'),
('10650', 'DE00001'),
('10651', 'DE00001'),
('10652', 'DE00001'),
('10653', 'DE00001'),
('10654', 'DE00001'),
('10655', 'DE00001'),
('10656', 'DE00001'),
('10657', 'DE00001'),
('10658', 'DE00001'),
('10659', 'DE00001'),
('10660', 'DE00001'),
('10661', 'DE00001'),
('10662', 'DE00001'),
('10663', 'DE00001'),
('10664', 'DE00001'),
('10665', 'DE00001'),
('10666', 'DE00001'),
('10667', 'DE00001'),
('10668', 'DE00001'),
('10669', 'DE00001'),
('10670', 'DE00001'),
('10671', 'DE00001'),
('10672', 'DE00001'),
('10673', 'DE00001'),
('10674', 'DE00001'),
('10675', 'DE00001'),
('10676', 'DE00001'),
('10677', 'DE00001'),
('10678', 'DE00001'),
('10679', 'DE00001'),
('10680', 'DE00001'),
('10681', 'DE00001'),
('10682', 'DE00001'),
('10683', 'DE00001'),
('10684', 'DE00001'),
('10685', 'DE00001'),
('10686', 'DE00001'),
('10687', 'DE00001'),
('10688', 'DE00001'),
('10689', 'DE00001'),
('10690', 'DE00001'),
('10691', 'DE00001'),
('10692', 'DE00001'),
('10693', 'DE00001'),
('10694', 'DE00001'),
('10695', 'DE00001'),
('10696', 'DE00001'),
('10697', 'DE00001'),
('10698', 'DE00001'),
('10699', 'DE00001'),
('10700', 'DE00001'),
('10701', 'DE00001'),
('10702', 'DE00001'),
('10703', 'DE00001'),
('10704', 'DE00001'),
('10705', 'DE00001'),
('10706', 'DE00001'),
('10707', 'DE00001'),
('10708', 'DE00001'),
('10709', 'DE00001'),
('10710', 'DE00001'),
('10711', 'DE00001'),
('10712', 'DE00001'),
('10713', 'DE00001'),
('10714', 'DE00001'),
('10715', 'DE00001'),
('10716', 'DE00001'),
('10717', 'DE00001'),
('10718', 'DE00001'),
('10719', 'DE00001'),
('10720', 'DE00001'),
('10721', 'DE00001'),
('10722', 'DE00001'),
('10723', 'DE00001'),
('10724', 'DE00001'),
('10725', 'DE00001'),
('10726', 'DE00001'),
('10727', 'DE00001'),
('10728', 'DE00001'),
('10729', 'DE00001'),
('10730', 'DE00001'),
('10731', 'DE00001'),
('10732', 'DE00001'),
('10733', 'DE00001'),
('10734', 'DE00001'),
('10735', 'DE00001'),
('10736', 'DE00001'),
('10737', 'DE00001'),
('10738', 'DE00001'),
('10739', 'DE00001'),
('10740', 'DE00001'),
('10741', 'DE00001'),
('10742', 'DE00001'),
('10743', 'DE00001'),
('10744', 'DE00001'),
('10745', 'DE00001'),
('10746', 'DE00001'),
('10747', 'DE00001'),
('10748', 'DE00001'),
('10749', 'DE00001'),
('10750', 'DE00001'),
('10751', 'DE00001'),
('10752', 'DE00001'),
('10753', 'DE00001'),
('10754', 'DE00001'),
('10755', 'DE00001'),
('10756', 'DE00001'),
('10757', 'DE00001'),
('10758', 'DE00001'),
('10759', 'DE00001'),
('10760', 'DE00001'),
('10761', 'DE00001'),
('10762', 'DE00001'),
('10763', 'DE00001'),
('10764', 'DE00001'),
('10765', 'DE00001'),
('10766', 'DE00001'),
('10767', 'DE00001'),
('10768', 'DE00001'),
('10769', 'DE00001'),
('10770', 'DE00001'),
('10771', 'DE00001'),
('10772', 'DE00001'),
('10773', 'DE00001'),
('10774', 'DE00001'),
('10775', 'DE00001'),
('10776', 'DE00001'),
('10777', 'DE00001'),
('10778', 'DE00001'),
('10779', 'DE00001'),
('10780', 'DE00001'),
('10781', 'DE00001'),
('10782', 'DE00001'),
('10783', 'DE00001'),
('10784', 'DE00001'),
('10785', 'DE00001'),
('10786', 'DE00001'),
('10787', 'DE00001'),
('10788', 'DE00001'),
('10789', 'DE00001'),
('10790', 'DE00001'),
('10791', 'DE00001'),
('10792', 'DE00001'),
('10793', 'DE00001'),
('10794', 'DE00001'),
('10795', 'DE00001'),
('10796', 'DE00001'),
('10797', 'DE00001'),
('10798', 'DE00001'),
('10799', 'DE00001'),
('10800', 'DE00001'),
('10801', 'DE00001'),
('10802', 'DE00001'),
('10803', 'DE00001'),
('10804', 'DE00001'),
('10805', 'DE00001'),
('10806', 'DE00001'),
('10807', 'DE00001'),
('10808', 'DE00001'),
('10809', 'DE00001'),
('10810', 'DE00001'),
('10811', 'DE00001'),
('10812', 'DE00001'),
('10813', 'DE00001'),
('10814', 'DE00001'),
('10815', 'DE00001'),
('10816', 'DE00001'),
('10817', 'DE00001'),
('10818', 'DE00001'),
('10819', 'DE00001'),
('10820', 'DE00001'),
('10821', 'DE00001'),
('10822', 'DE00001'),
('10823', 'DE00001'),
('10824', 'DE00001'),
('10825', 'DE00001'),
('10826', 'DE00001'),
('10827', 'DE00001'),
('10828', 'DE00001'),
('10829', 'DE00001'),
('10830', 'DE00001'),
('10831', 'DE00001'),
('10832', 'DE00001'),
('10833', 'DE00001'),
('10834', 'DE00001'),
('10835', 'DE00001'),
('10836', 'DE00001'),
('10837', 'DE00001'),
('10838', 'DE00001'),
('10839', 'DE00001'),
('10840', 'DE00001'),
('10841', 'DE00001'),
('10842', 'DE00001'),
('10843', 'DE00001'),
('10844', 'DE00001'),
('10845', 'DE00001'),
('10846', 'DE00001'),
('10847', 'DE00001'),
('10848', 'DE00001'),
('10849', 'DE00001'),
('10850', 'DE00001'),
('10851', 'DE00001'),
('10852', 'DE00001'),
('10853', 'DE00001'),
('10854', 'DE00001'),
('10855', 'DE00001'),
('10856', 'DE00001'),
('10857', 'DE00001'),
('10858', 'DE00001'),
('10859', 'DE00001'),
('10860', 'DE00001'),
('10861', 'DE00001'),
('10862', 'DE00001'),
('10863', 'DE00001'),
('10864', 'DE00001'),
('10865', 'DE00001'),
('10866', 'DE00001'),
('10867', 'DE00001'),
('10868', 'DE00001'),
('10869', 'DE00001'),
('10870', 'DE00001'),
('10871', 'DE00001'),
('10872', 'DE00001'),
('10873', 'DE00001'),
('10874', 'DE00001'),
('10875', 'DE00001'),
('10876', 'DE00001'),
('10877', 'DE00001'),
('10878', 'DE00001'),
('10879', 'DE00001'),
('10880', 'DE00001'),
('10881', 'DE00001'),
('10882', 'DE00001'),
('10883', 'DE00001'),
('10884', 'DE00001'),
('10885', 'DE00001'),
('10886', 'DE00001'),
('10887', 'DE00001'),
('10888', 'DE00001'),
('10889', 'DE00001'),
('10890', 'DE00001'),
('10891', 'DE00001'),
('10892', 'DE00001'),
('10893', 'DE00001'),
('10894', 'DE00001'),
('10895', 'DE00001'),
('10896', 'DE00001'),
('10897', 'DE00001'),
('10898', 'DE00001'),
('10899', 'DE00001'),
('10900', 'DE00001'),
('10901', 'DE00001'),
('10902', 'DE00001'),
('10903', 'DE00001'),
('10904', 'DE00001'),
('10905', 'DE00001'),
('10906', 'DE00001'),
('10907', 'DE00001'),
('10908', 'DE00001'),
('10909', 'DE00001'),
('10910', 'DE00001'),
('10911', 'DE00001'),
('10912', 'DE00001'),
('10913', 'DE00001'),
('10914', 'DE00001'),
('10915', 'DE00001'),
('10916', 'DE00001'),
('10917', 'DE00001'),
('10918', 'DE00001'),
('10919', 'DE00001'),
('10920', 'DE00001'),
('10921', 'DE00001'),
('10922', 'DE00001'),
('10923', 'DE00001'),
('10924', 'DE00001'),
('10925', 'DE00001'),
('10926', 'DE00001'),
('10927', 'DE00001'),
('10928', 'DE00001'),
('10929', 'DE00001'),
('10930', 'DE00001'),
('10931', 'DE00001'),
('10932', 'DE00001'),
('10933', 'DE00001'),
('10934', 'DE00001'),
('10935', 'DE00001'),
('10936', 'DE00001'),
('10937', 'DE00001'),
('10938', 'DE00001'),
('10939', 'DE00001'),
('10940', 'DE00001'),
('10941', 'DE00001'),
('10942', 'DE00001'),
('10943', 'DE00001'),
('10944', 'DE00001'),
('10945', 'DE00001'),
('10946', 'DE00001'),
('10947', 'DE00001'),
('10948', 'DE00001'),
('10949', 'DE00001'),
('10950', 'DE00001'),
('10951', 'DE00001'),
('10952', 'DE00001'),
('10953', 'DE00001'),
('10954', 'DE00001'),
('10955', 'DE00001'),
('10956', 'DE00001'),
('10957', 'DE00001'),
('10958', 'DE00001'),
('10959', 'DE00001'),
('10960', 'DE00001'),
('10961', 'DE00001'),
('10962', 'DE00001'),
('10963', 'DE00001'),
('10964', 'DE00001'),
('10965', 'DE00001'),
('10966', 'DE00001'),
('10967', 'DE00001'),
('10968', 'DE00001'),
('10969', 'DE00001'),
('10970', 'DE00001'),
('10971', 'DE00001'),
('10972', 'DE00001'),
('10973', 'DE00001'),
('10974', 'DE00001'),
('10975', 'DE00001'),
('10976', 'DE00001'),
('10977', 'DE00001'),
('10978', 'DE00001'),
('10979', 'DE00001'),
('10980', 'DE00001'),
('10981', 'DE00001'),
('10982', 'DE00001'),
('10983', 'DE00001'),
('10984', 'DE00001'),
('10985', 'DE00001'),
('10986', 'DE00001'),
('10987', 'DE00001'),
('10988', 'DE00001'),
('10989', 'DE00001'),
('10990', 'DE00001'),
('10991', 'DE00001'),
('10992', 'DE00001'),
('10993', 'DE00001'),
('10994', 'DE00001'),
('10995', 'DE00001'),
('10996', 'DE00001'),
('10997', 'DE00001'),
('10998', 'DE00001'),
('10999', 'DE00001'),
('11000', 'DE00001'),
('11001', 'DE00001'),
('11002', 'DE00001'),
('11003', 'DE00001'),
('11004', 'DE00001'),
('11005', 'DE00001'),
('11006', 'DE00001'),
('11007', 'DE00001'),
('11008', 'DE00001'),
('11009', 'DE00001'),
('11010', 'DE00001'),
('11011', 'DE00001'),
('11012', 'DE00001'),
('11013', 'DE00001'),
('11014', 'DE00001'),
('11015', 'DE00001'),
('11016', 'DE00001'),
('11017', 'DE00001'),
('11018', 'DE00001'),
('11019', 'DE00001'),
('11020', 'DE00001'),
('11021', 'DE00001'),
('11022', 'DE00001'),
('11023', 'DE00001'),
('11024', 'DE00001'),
('11025', 'DE00001'),
('11026', 'DE00001'),
('11027', 'DE00001'),
('11028', 'DE00001'),
('11029', 'DE00001'),
('11030', 'DE00001'),
('11031', 'DE00001'),
('11032', 'DE00001'),
('11033', 'DE00001'),
('11034', 'DE00001'),
('11035', 'DE00001'),
('11036', 'DE00001'),
('11037', 'DE00001'),
('11038', 'DE00001'),
('11039', 'DE00001'),
('11040', 'DE00001'),
('11041', 'DE00001'),
('11042', 'DE00001'),
('11043', 'DE00001'),
('11044', 'DE00001'),
('11045', 'DE00001'),
('11046', 'DE00001'),
('11047', 'DE00001'),
('11048', 'DE00001'),
('11049', 'DE00001'),
('11050', 'DE00001'),
('11051', 'DE00001'),
('11052', 'DE00001'),
('11053', 'DE00001'),
('11054', 'DE00001'),
('11055', 'DE00001'),
('11056', 'DE00001'),
('11057', 'DE00001'),
('11058', 'DE00001'),
('11059', 'DE00001'),
('11060', 'DE00001'),
('11061', 'DE00001'),
('11062', 'DE00001'),
('11063', 'DE00001'),
('11064', 'DE00001'),
('11065', 'DE00001'),
('11066', 'DE00001'),
('11067', 'DE00001'),
('11068', 'DE00001'),
('11069', 'DE00001'),
('11070', 'DE00001'),
('11071', 'DE00001'),
('11072', 'DE00001'),
('11073', 'DE00001'),
('11074', 'DE00001'),
('11075', 'DE00001'),
('11076', 'DE00001'),
('11077', 'DE00001'),
('11078', 'DE00001'),
('11079', 'DE00001'),
('11080', 'DE00001'),
('11081', 'DE00001'),
('11082', 'DE00001'),
('11083', 'DE00001'),
('11084', 'DE00001'),
('11085', 'DE00001'),
('11086', 'DE00001'),
('11087', 'DE00001'),
('11088', 'DE00001'),
('11089', 'DE00001'),
('11090', 'DE00001'),
('11091', 'DE00001'),
('11092', 'DE00001'),
('11093', 'DE00001'),
('11094', 'DE00001'),
('11095', 'DE00001'),
('11096', 'DE00001'),
('11097', 'DE00001'),
('11098', 'DE00001'),
('11099', 'DE00001'),
('11100', 'DE00001'),
('11101', 'DE00001'),
('11102', 'DE00001'),
('11103', 'DE00001'),
('11104', 'DE00001'),
('11105', 'DE00001'),
('11106', 'DE00001'),
('11107', 'DE00001'),
('11108', 'DE00001'),
('11109', 'DE00001'),
('11110', 'DE00001'),
('11111', 'DE00001'),
('11112', 'DE00001'),
('11113', 'DE00001'),
('11114', 'DE00001'),
('11115', 'DE00001'),
('11116', 'DE00001'),
('11117', 'DE00001'),
('11118', 'DE00001'),
('11119', 'DE00001'),
('11120', 'DE00001'),
('11121', 'DE00001'),
('11122', 'DE00001'),
('11123', 'DE00001'),
('11124', 'DE00001'),
('11125', 'DE00001'),
('11126', 'DE00001'),
('11127', 'DE00001'),
('11128', 'DE00001'),
('11129', 'DE00001'),
('11130', 'DE00001'),
('11131', 'DE00001'),
('11132', 'DE00001'),
('11133', 'DE00001'),
('11134', 'DE00001'),
('11135', 'DE00001'),
('11136', 'DE00001'),
('11137', 'DE00001'),
('11138', 'DE00001'),
('11139', 'DE00001'),
('11140', 'DE00001'),
('11141', 'DE00001'),
('11142', 'DE00001'),
('11143', 'DE00001'),
('11144', 'DE00001'),
('11145', 'DE00001'),
('11146', 'DE00001'),
('11147', 'DE00001'),
('11148', 'DE00001'),
('11149', 'DE00001'),
('11150', 'DE00001'),
('11151', 'DE00001'),
('11152', 'DE00001'),
('11153', 'DE00001'),
('11154', 'DE00001'),
('11155', 'DE00001'),
('11156', 'DE00001'),
('11157', 'DE00001'),
('11158', 'DE00001'),
('11159', 'DE00001'),
('11160', 'DE00001'),
('11161', 'DE00001'),
('11162', 'DE00001'),
('11163', 'DE00001'),
('11164', 'DE00001'),
('11165', 'DE00001'),
('11166', 'DE00001'),
('11167', 'DE00001'),
('11168', 'DE00001'),
('11169', 'DE00001'),
('11170', 'DE00001'),
('11171', 'DE00001'),
('11172', 'DE00001'),
('11173', 'DE00001'),
('11174', 'DE00001'),
('11175', 'DE00001'),
('11176', 'DE00001'),
('11177', 'DE00001'),
('11178', 'DE00001'),
('11179', 'DE00001'),
('11180', 'DE00001'),
('11181', 'DE00001'),
('11182', 'DE00001'),
('11183', 'DE00001'),
('11184', 'DE00001'),
('11185', 'DE00001'),
('11186', 'DE00001'),
('11187', 'DE00001'),
('11188', 'DE00001'),
('11189', 'DE00001'),
('11190', 'DE00001'),
('11191', 'DE00001'),
('11192', 'DE00001'),
('11193', 'DE00001'),
('11194', 'DE00001'),
('11195', 'DE00001'),
('11196', 'DE00001'),
('11197', 'DE00001'),
('11198', 'DE00001'),
('11199', 'DE00001'),
('11200', 'DE00001'),
('11201', 'DE00001'),
('11202', 'DE00001'),
('11203', 'DE00001'),
('11204', 'DE00001'),
('11205', 'DE00001'),
('11206', 'DE00001'),
('11207', 'DE00001'),
('11208', 'DE00001'),
('11209', 'DE00001'),
('11210', 'DE00001'),
('11211', 'DE00001'),
('11212', 'DE00001'),
('11213', 'DE00001'),
('11214', 'DE00001'),
('11215', 'DE00001'),
('11216', 'DE00001'),
('11217', 'DE00001'),
('11218', 'DE00001'),
('11219', 'DE00001'),
('11220', 'DE00001'),
('11221', 'DE00001'),
('11222', 'DE00001'),
('11223', 'DE00001'),
('11224', 'DE00001'),
('11225', 'DE00001'),
('11226', 'DE00001'),
('11227', 'DE00001'),
('11228', 'DE00001'),
('11229', 'DE00001'),
('11230', 'DE00001'),
('11231', 'DE00001'),
('11232', 'DE00001'),
('11233', 'DE00001'),
('11234', 'DE00001'),
('11235', 'DE00001'),
('11236', 'DE00001'),
('11237', 'DE00001'),
('11238', 'DE00001'),
('11239', 'DE00001'),
('11240', 'DE00001'),
('11241', 'DE00001'),
('11242', 'DE00001'),
('11243', 'DE00001'),
('11244', 'DE00001'),
('11245', 'DE00001'),
('11246', 'DE00001'),
('11247', 'DE00001'),
('11248', 'DE00001'),
('11249', 'DE00001'),
('11250', 'DE00001'),
('11251', 'DE00001'),
('11252', 'DE00001'),
('11253', 'DE00001'),
('11254', 'DE00001'),
('11255', 'DE00001'),
('11256', 'DE00001'),
('11257', 'DE00001'),
('11258', 'DE00001'),
('11259', 'DE00001'),
('11260', 'DE00001'),
('11261', 'DE00001'),
('11262', 'DE00001'),
('11263', 'DE00001'),
('11264', 'DE00001'),
('11265', 'DE00001'),
('11266', 'DE00001'),
('11267', 'DE00001'),
('11268', 'DE00001'),
('11269', 'DE00001'),
('11270', 'DE00001'),
('11271', 'DE00001'),
('11272', 'DE00001'),
('11273', 'DE00001'),
('11274', 'DE00001'),
('11275', 'DE00001'),
('11276', 'DE00001'),
('11277', 'DE00001'),
('11278', 'DE00001'),
('11279', 'DE00001'),
('11280', 'DE00001'),
('11281', 'DE00001'),
('11282', 'DE00001'),
('11283', 'DE00001'),
('11284', 'DE00001'),
('11285', 'DE00001'),
('11286', 'DE00001'),
('11287', 'DE00001'),
('11288', 'DE00001'),
('11289', 'DE00001'),
('11290', 'DE00001'),
('11291', 'DE00001'),
('11292', 'DE00001'),
('11293', 'DE00001'),
('11294', 'DE00001'),
('11295', 'DE00001'),
('11296', 'DE00001'),
('11297', 'DE00001'),
('11298', 'DE00001'),
('11299', 'DE00001'),
('11300', 'DE00001'),
('11301', 'DE00001'),
('11302', 'DE00001'),
('11303', 'DE00001'),
('11304', 'DE00001'),
('11305', 'DE00001'),
('11306', 'DE00001'),
('11307', 'DE00001'),
('11308', 'DE00001'),
('11309', 'DE00001'),
('11310', 'DE00001'),
('11311', 'DE00001'),
('11312', 'DE00001'),
('11313', 'DE00001'),
('11314', 'DE00001'),
('11315', 'DE00001'),
('11316', 'DE00001'),
('11317', 'DE00001'),
('11318', 'DE00001'),
('11319', 'DE00001'),
('11320', 'DE00001'),
('11321', 'DE00001'),
('11322', 'DE00001'),
('11323', 'DE00001'),
('11324', 'DE00001'),
('11325', 'DE00001'),
('11326', 'DE00001'),
('11327', 'DE00001'),
('11328', 'DE00001'),
('11329', 'DE00001'),
('11330', 'DE00001'),
('11331', 'DE00001'),
('11332', 'DE00001'),
('11333', 'DE00001'),
('11334', 'DE00001'),
('11335', 'DE00001'),
('11336', 'DE00001'),
('11337', 'DE00001'),
('11338', 'DE00001'),
('11339', 'DE00001'),
('11340', 'DE00001'),
('11341', 'DE00001'),
('11342', 'DE00001'),
('11343', 'DE00001'),
('11344', 'DE00001'),
('11345', 'DE00001'),
('11346', 'DE00001'),
('11347', 'DE00001'),
('11348', 'DE00001'),
('11349', 'DE00001'),
('11350', 'DE00001'),
('11351', 'DE00001'),
('11352', 'DE00001'),
('11353', 'DE00001'),
('11354', 'DE00001'),
('11355', 'DE00001'),
('11356', 'DE00001'),
('11357', 'DE00001'),
('11358', 'DE00001'),
('11359', 'DE00001'),
('11360', 'DE00001'),
('11361', 'DE00001'),
('11362', 'DE00001'),
('11363', 'DE00001'),
('11364', 'DE00001'),
('11365', 'DE00001'),
('11366', 'DE00001'),
('11367', 'DE00001'),
('11368', 'DE00001'),
('11369', 'DE00001'),
('11370', 'DE00001'),
('11371', 'DE00001'),
('11372', 'DE00001'),
('11373', 'DE00001'),
('11374', 'DE00001'),
('11375', 'DE00001'),
('11376', 'DE00001'),
('11377', 'DE00001'),
('11378', 'DE00001'),
('11379', 'DE00001'),
('11380', 'DE00001'),
('11381', 'DE00001'),
('11382', 'DE00001'),
('11383', 'DE00001'),
('11384', 'DE00001'),
('11385', 'DE00001'),
('11386', 'DE00001'),
('11387', 'DE00001'),
('11388', 'DE00001'),
('11389', 'DE00001'),
('11390', 'DE00001'),
('11391', 'DE00001'),
('11392', 'DE00001'),
('11393', 'DE00001'),
('11394', 'DE00001'),
('11395', 'DE00001'),
('11396', 'DE00001'),
('11397', 'DE00001'),
('11398', 'DE00001'),
('11399', 'DE00001'),
('11400', 'DE00001'),
('11401', 'DE00001'),
('11402', 'DE00001'),
('11403', 'DE00001'),
('11404', 'DE00001'),
('11405', 'DE00001'),
('11406', 'DE00001'),
('11407', 'DE00001'),
('11408', 'DE00001'),
('11409', 'DE00001'),
('11410', 'DE00001'),
('11411', 'DE00001'),
('11412', 'DE00001'),
('11413', 'DE00001'),
('11414', 'DE00001'),
('11415', 'DE00001'),
('11416', 'DE00001'),
('11417', 'DE00001'),
('11418', 'DE00001'),
('11419', 'DE00001'),
('11420', 'DE00001'),
('11421', 'DE00001'),
('11422', 'DE00001'),
('11423', 'DE00001'),
('11424', 'DE00001'),
('11425', 'DE00001'),
('11426', 'DE00001'),
('11427', 'DE00001'),
('11428', 'DE00001'),
('11429', 'DE00001'),
('11430', 'DE00001'),
('11431', 'DE00001'),
('11432', 'DE00001'),
('11433', 'DE00001'),
('11434', 'DE00001'),
('11435', 'DE00001'),
('11436', 'DE00001'),
('11437', 'DE00001'),
('11438', 'DE00001'),
('11439', 'DE00001'),
('11440', 'DE00001'),
('11441', 'DE00001'),
('11442', 'DE00001'),
('11443', 'DE00001'),
('11444', 'DE00001'),
('11445', 'DE00001'),
('11446', 'DE00001'),
('11447', 'DE00001'),
('11448', 'DE00001'),
('11449', 'DE00001'),
('11450', 'DE00001'),
('11451', 'DE00001'),
('11452', 'DE00001'),
('11453', 'DE00001'),
('11454', 'DE00001'),
('11455', 'DE00001'),
('11456', 'DE00001'),
('11457', 'DE00001'),
('11458', 'DE00001'),
('11459', 'DE00001'),
('11460', 'DE00001'),
('11461', 'DE00001'),
('11462', 'DE00001'),
('11463', 'DE00001'),
('11464', 'DE00001'),
('11465', 'DE00001'),
('11466', 'DE00001'),
('11467', 'DE00001'),
('11468', 'DE00001'),
('11469', 'DE00001'),
('11470', 'DE00001'),
('11471', 'DE00001'),
('11472', 'DE00001'),
('11473', 'DE00001'),
('11474', 'DE00001'),
('11475', 'DE00001'),
('11476', 'DE00001'),
('11477', 'DE00001'),
('11478', 'DE00001'),
('11479', 'DE00001'),
('11480', 'DE00001'),
('11481', 'DE00001'),
('11482', 'DE00001'),
('11483', 'DE00001'),
('11484', 'DE00001'),
('11485', 'DE00001'),
('11486', 'DE00001'),
('11487', 'DE00001'),
('11488', 'DE00001'),
('11489', 'DE00001'),
('11490', 'DE00001'),
('11491', 'DE00001'),
('11492', 'DE00001'),
('11493', 'DE00001'),
('11494', 'DE00001'),
('11495', 'DE00001'),
('11496', 'DE00001'),
('11497', 'DE00001'),
('11498', 'DE00001'),
('11499', 'DE00001'),
('11500', 'DE00001'),
('11501', 'DE00001'),
('11502', 'DE00001'),
('11503', 'DE00001'),
('11504', 'DE00001'),
('11505', 'DE00001'),
('11506', 'DE00001'),
('11507', 'DE00001'),
('11508', 'DE00001'),
('11509', 'DE00001'),
('11510', 'DE00001'),
('11511', 'DE00001'),
('11512', 'DE00001'),
('11513', 'DE00001'),
('11514', 'DE00001'),
('11515', 'DE00001'),
('11516', 'DE00001'),
('11517', 'DE00001'),
('11518', 'DE00001'),
('11519', 'DE00001'),
('11520', 'DE00001'),
('11521', 'DE00001'),
('11522', 'DE00001'),
('11523', 'DE00001'),
('11524', 'DE00001'),
('11525', 'DE00001'),
('11526', 'DE00001'),
('11527', 'DE00001'),
('11528', 'DE00001'),
('11529', 'DE00001'),
('11530', 'DE00001'),
('11531', 'DE00001'),
('11532', 'DE00001'),
('11533', 'DE00001'),
('11534', 'DE00001'),
('11535', 'DE00001'),
('11536', 'DE00001'),
('11537', 'DE00001'),
('11538', 'DE00001'),
('11539', 'DE00001'),
('11540', 'DE00001'),
('11541', 'DE00001'),
('11542', 'DE00001'),
('11543', 'DE00001'),
('11544', 'DE00001'),
('11545', 'DE00001'),
('11546', 'DE00001'),
('11547', 'DE00001'),
('11548', 'DE00001'),
('11549', 'DE00001'),
('11550', 'DE00001'),
('11551', 'DE00001'),
('11552', 'DE00001'),
('11553', 'DE00001'),
('11554', 'DE00001'),
('11555', 'DE00001'),
('11556', 'DE00001'),
('11557', 'DE00001'),
('11558', 'DE00001'),
('11559', 'DE00001'),
('11560', 'DE00001'),
('11561', 'DE00001'),
('11562', 'DE00001'),
('11563', 'DE00001'),
('11564', 'DE00001'),
('11565', 'DE00001'),
('11566', 'DE00001'),
('11567', 'DE00001'),
('11568', 'DE00001'),
('11569', 'DE00001'),
('11570', 'DE00001'),
('11571', 'DE00001'),
('11572', 'DE00001'),
('11573', 'DE00001'),
('11574', 'DE00001'),
('11575', 'DE00001'),
('11576', 'DE00001'),
('11577', 'DE00001'),
('11578', 'DE00001'),
('11579', 'DE00001'),
('11580', 'DE00001'),
('11581', 'DE00001'),
('11582', 'DE00001'),
('11583', 'DE00001'),
('11584', 'DE00001'),
('11585', 'DE00001'),
('11586', 'DE00001'),
('11587', 'DE00001'),
('11588', 'DE00001'),
('11589', 'DE00001'),
('11590', 'DE00001'),
('11591', 'DE00001'),
('11592', 'DE00001'),
('11593', 'DE00001'),
('11594', 'DE00001'),
('11595', 'DE00001'),
('11596', 'DE00001'),
('11597', 'DE00001'),
('11598', 'DE00001'),
('11599', 'DE00001'),
('11600', 'DE00001'),
('11601', 'DE00001'),
('11602', 'DE00001'),
('11603', 'DE00001'),
('11604', 'DE00001'),
('11605', 'DE00001'),
('11606', 'DE00001'),
('11607', 'DE00001'),
('11608', 'DE00001'),
('11609', 'DE00001'),
('11610', 'DE00001'),
('11611', 'DE00001'),
('11612', 'DE00001'),
('11613', 'DE00001'),
('11614', 'DE00001'),
('11615', 'DE00001'),
('11616', 'DE00001'),
('11617', 'DE00001'),
('11618', 'DE00001'),
('11619', 'DE00001'),
('11620', 'DE00001'),
('11621', 'DE00001'),
('11622', 'DE00001'),
('11623', 'DE00001'),
('11624', 'DE00001'),
('11625', 'DE00001'),
('11626', 'DE00001'),
('11627', 'DE00001'),
('11628', 'DE00001'),
('11629', 'DE00001'),
('11630', 'DE00001'),
('11631', 'DE00001'),
('11632', 'DE00001'),
('11633', 'DE00001'),
('11634', 'DE00001'),
('11635', 'DE00001'),
('11636', 'DE00001'),
('11637', 'DE00001'),
('11638', 'DE00001'),
('11639', 'DE00001'),
('11640', 'DE00001'),
('11641', 'DE00001'),
('11642', 'DE00001'),
('11643', 'DE00001'),
('11644', 'DE00001'),
('11645', 'DE00001'),
('11646', 'DE00001'),
('11647', 'DE00001'),
('11648', 'DE00001'),
('11649', 'DE00001'),
('11650', 'DE00001'),
('11651', 'DE00001'),
('11652', 'DE00001'),
('11653', 'DE00001'),
('11654', 'DE00001'),
('11655', 'DE00001'),
('11656', 'DE00001'),
('11657', 'DE00001'),
('11658', 'DE00001'),
('11659', 'DE00001'),
('11660', 'DE00001'),
('11661', 'DE00001'),
('11662', 'DE00001'),
('11663', 'DE00001'),
('11664', 'DE00001'),
('11665', 'DE00001'),
('11666', 'DE00001'),
('11667', 'DE00001'),
('11668', 'DE00001'),
('11669', 'DE00001'),
('11670', 'DE00001'),
('11671', 'DE00001'),
('11672', 'DE00001'),
('11673', 'DE00001'),
('11674', 'DE00001'),
('11675', 'DE00001'),
('11676', 'DE00001'),
('11677', 'DE00001'),
('11678', 'DE00001'),
('11679', 'DE00001'),
('11680', 'DE00001'),
('11681', 'DE00001'),
('11682', 'DE00001'),
('11683', 'DE00001'),
('11684', 'DE00001'),
('11685', 'DE00001'),
('11686', 'DE00001'),
('11687', 'DE00001'),
('11688', 'DE00001'),
('11689', 'DE00001'),
('11690', 'DE00001'),
('11691', 'DE00001'),
('11692', 'DE00001'),
('11693', 'DE00001'),
('11694', 'DE00001'),
('11695', 'DE00001'),
('11696', 'DE00001'),
('11697', 'DE00001'),
('11698', 'DE00001'),
('11699', 'DE00001'),
('11700', 'DE00001'),
('11701', 'DE00001'),
('11702', 'DE00001'),
('11703', 'DE00001'),
('11704', 'DE00001'),
('11705', 'DE00001'),
('11706', 'DE00001'),
('11707', 'DE00001'),
('11708', 'DE00001'),
('11709', 'DE00001'),
('11710', 'DE00001'),
('11711', 'DE00001'),
('11712', 'DE00001'),
('11713', 'DE00001'),
('11714', 'DE00001'),
('11715', 'DE00001'),
('11716', 'DE00001'),
('11717', 'DE00001'),
('11718', 'DE00001'),
('11719', 'DE00001'),
('11720', 'DE00001'),
('11721', 'DE00001'),
('11722', 'DE00001'),
('11723', 'DE00001'),
('11724', 'DE00001'),
('11725', 'DE00001'),
('11726', 'DE00001'),
('11727', 'DE00001'),
('11728', 'DE00001'),
('11729', 'DE00001'),
('11730', 'DE00001'),
('11731', 'DE00001'),
('11732', 'DE00001'),
('11733', 'DE00001'),
('11734', 'DE00001'),
('11735', 'DE00001'),
('11736', 'DE00001'),
('11737', 'DE00001'),
('11738', 'DE00001'),
('11739', 'DE00001'),
('11740', 'DE00001'),
('11741', 'DE00001'),
('11742', 'DE00001'),
('11743', 'DE00001'),
('11744', 'DE00001'),
('11745', 'DE00001'),
('11746', 'DE00001'),
('11747', 'DE00001'),
('11748', 'DE00001'),
('11749', 'DE00001'),
('11750', 'DE00001'),
('11751', 'DE00001'),
('11752', 'DE00001'),
('11753', 'DE00001'),
('11754', 'DE00001'),
('11755', 'DE00001'),
('11756', 'DE00001'),
('11757', 'DE00001'),
('11758', 'DE00001'),
('11759', 'DE00001'),
('11760', 'DE00001'),
('11761', 'DE00001'),
('11762', 'DE00001'),
('11763', 'DE00001'),
('11764', 'DE00001'),
('11765', 'DE00001'),
('11766', 'DE00001'),
('11767', 'DE00001'),
('11768', 'DE00001'),
('11769', 'DE00001'),
('11770', 'DE00001'),
('11771', 'DE00001'),
('11772', 'DE00001'),
('11773', 'DE00001'),
('11774', 'DE00001'),
('11775', 'DE00001'),
('11776', 'DE00001'),
('11777', 'DE00001'),
('11778', 'DE00001'),
('11779', 'DE00001'),
('11780', 'DE00001'),
('11781', 'DE00001'),
('11782', 'DE00001'),
('11783', 'DE00001'),
('11784', 'DE00001'),
('11785', 'DE00001'),
('11786', 'DE00001'),
('11787', 'DE00001'),
('11788', 'DE00001'),
('11789', 'DE00001'),
('11790', 'DE00001'),
('11791', 'DE00001'),
('11792', 'DE00001'),
('11793', 'DE00001'),
('11794', 'DE00001'),
('11795', 'DE00001'),
('11796', 'DE00001'),
('11797', 'DE00001'),
('11798', 'DE00001'),
('11799', 'DE00001'),
('11800', 'DE00001'),
('11801', 'DE00001'),
('11802', 'DE00001'),
('11803', 'DE00001'),
('11804', 'DE00001'),
('11805', 'DE00001'),
('11806', 'DE00001'),
('11807', 'DE00001'),
('11808', 'DE00001'),
('11809', 'DE00001'),
('11810', 'DE00001'),
('11811', 'DE00001'),
('11812', 'DE00001'),
('11813', 'DE00001'),
('11814', 'DE00001'),
('11815', 'DE00001'),
('11816', 'DE00001'),
('11817', 'DE00001'),
('11818', 'DE00001'),
('11819', 'DE00001'),
('11820', 'DE00001'),
('11821', 'DE00001'),
('11822', 'DE00001'),
('11823', 'DE00001'),
('11824', 'DE00001'),
('11825', 'DE00001'),
('11826', 'DE00001'),
('11827', 'DE00001'),
('11828', 'DE00001'),
('11829', 'DE00001'),
('11830', 'DE00001'),
('11831', 'DE00001'),
('11832', 'DE00001'),
('11833', 'DE00001'),
('11834', 'DE00001'),
('11835', 'DE00001'),
('11836', 'DE00001'),
('11837', 'DE00001'),
('11838', 'DE00001'),
('11839', 'DE00001'),
('11840', 'DE00001'),
('11841', 'DE00001'),
('11842', 'DE00001'),
('11843', 'DE00001'),
('11844', 'DE00001'),
('11845', 'DE00001'),
('11846', 'DE00001'),
('11847', 'DE00001'),
('11848', 'DE00001'),
('11849', 'DE00001'),
('11850', 'DE00001'),
('11851', 'DE00001'),
('11852', 'DE00001'),
('11853', 'DE00001'),
('11854', 'DE00001'),
('11855', 'DE00001'),
('11856', 'DE00001'),
('11857', 'DE00001'),
('11858', 'DE00001'),
('11859', 'DE00001'),
('11860', 'DE00001'),
('11861', 'DE00001'),
('11862', 'DE00001'),
('11863', 'DE00001'),
('11864', 'DE00001'),
('11865', 'DE00001'),
('11866', 'DE00001'),
('11867', 'DE00001'),
('11868', 'DE00001'),
('11869', 'DE00001'),
('11870', 'DE00001'),
('11871', 'DE00001'),
('11872', 'DE00001'),
('11873', 'DE00001'),
('11874', 'DE00001'),
('11875', 'DE00001'),
('11876', 'DE00001'),
('11877', 'DE00001'),
('11878', 'DE00001'),
('11879', 'DE00001'),
('11880', 'DE00001'),
('11881', 'DE00001'),
('11882', 'DE00001'),
('11883', 'DE00001'),
('11884', 'DE00001'),
('11885', 'DE00001'),
('11886', 'DE00001'),
('11887', 'DE00001'),
('11888', 'DE00001'),
('11889', 'DE00001'),
('11890', 'DE00001'),
('11891', 'DE00001'),
('11892', 'DE00001'),
('11893', 'DE00001'),
('11894', 'DE00001'),
('11895', 'DE00001'),
('11896', 'DE00001'),
('11897', 'DE00001'),
('11898', 'DE00001'),
('11899', 'DE00001'),
('11900', 'DE00001'),
('11901', 'DE00001'),
('11902', 'DE00001'),
('11903', 'DE00001'),
('11904', 'DE00001'),
('11905', 'DE00001'),
('11906', 'DE00001'),
('11907', 'DE00001'),
('11908', 'DE00001'),
('11909', 'DE00001'),
('11910', 'DE00001'),
('11911', 'DE00001'),
('11912', 'DE00001'),
('11913', 'DE00001'),
('11914', 'DE00001'),
('11915', 'DE00001'),
('11916', 'DE00001'),
('11917', 'DE00001'),
('11918', 'DE00001'),
('11919', 'DE00001'),
('11920', 'DE00001'),
('11921', 'DE00001'),
('11922', 'DE00001'),
('11923', 'DE00001'),
('11924', 'DE00001'),
('11925', 'DE00001'),
('11926', 'DE00001'),
('11927', 'DE00001'),
('11928', 'DE00001'),
('11929', 'DE00001'),
('11930', 'DE00001'),
('11931', 'DE00001'),
('11932', 'DE00001'),
('11933', 'DE00001'),
('11934', 'DE00001'),
('11935', 'DE00001'),
('11936', 'DE00001'),
('11937', 'DE00001'),
('11938', 'DE00001'),
('11939', 'DE00001'),
('11940', 'DE00001'),
('11941', 'DE00001'),
('11942', 'DE00001'),
('11943', 'DE00001'),
('11944', 'DE00001'),
('11945', 'DE00001'),
('11946', 'DE00001'),
('11947', 'DE00001'),
('11948', 'DE00001'),
('11949', 'DE00001'),
('11950', 'DE00001'),
('11951', 'DE00001'),
('11952', 'DE00001'),
('11953', 'DE00001'),
('11954', 'DE00001'),
('11955', 'DE00001'),
('11956', 'DE00001'),
('11957', 'DE00001'),
('11958', 'DE00001'),
('11959', 'DE00001'),
('11960', 'DE00001'),
('11961', 'DE00001'),
('11962', 'DE00001'),
('11963', 'DE00001'),
('11964', 'DE00001'),
('11965', 'DE00001'),
('11966', 'DE00001'),
('11967', 'DE00001'),
('11968', 'DE00001'),
('11969', 'DE00001'),
('11970', 'DE00001'),
('11971', 'DE00001'),
('11972', 'DE00001'),
('11973', 'DE00001'),
('11974', 'DE00001'),
('11975', 'DE00001'),
('11976', 'DE00001'),
('11977', 'DE00001'),
('11978', 'DE00001'),
('11979', 'DE00001'),
('11980', 'DE00001'),
('11981', 'DE00001'),
('11982', 'DE00001'),
('11983', 'DE00001'),
('11984', 'DE00001'),
('11985', 'DE00001'),
('11986', 'DE00001'),
('11987', 'DE00001'),
('11988', 'DE00001'),
('11989', 'DE00001'),
('11990', 'DE00001'),
('11991', 'DE00001'),
('11992', 'DE00001'),
('11993', 'DE00001'),
('11994', 'DE00001'),
('11995', 'DE00001'),
('11996', 'DE00001'),
('11997', 'DE00001'),
('11998', 'DE00001'),
('11999', 'DE00001'),
('12000', 'DE00001'),
('12001', 'DE00001'),
('12002', 'DE00001'),
('12003', 'DE00001'),
('12004', 'DE00001'),
('12005', 'DE00001'),
('12006', 'DE00001'),
('12007', 'DE00001'),
('12008', 'DE00001'),
('12009', 'DE00001'),
('12010', 'DE00001'),
('12011', 'DE00001'),
('12012', 'DE00001'),
('12013', 'DE00001'),
('12014', 'DE00001'),
('12015', 'DE00001'),
('12016', 'DE00001'),
('12017', 'DE00001'),
('12018', 'DE00001'),
('12019', 'DE00001'),
('12020', 'DE00001'),
('12021', 'DE00001'),
('12022', 'DE00001'),
('12023', 'DE00001'),
('12024', 'DE00001'),
('12025', 'DE00001'),
('12026', 'DE00001'),
('12027', 'DE00001'),
('12028', 'DE00001'),
('12029', 'DE00001'),
('12030', 'DE00001'),
('12031', 'DE00001'),
('12032', 'DE00001'),
('12033', 'DE00001'),
('12034', 'DE00001'),
('12035', 'DE00001'),
('12036', 'DE00001'),
('12037', 'DE00001'),
('12038', 'DE00001'),
('12039', 'DE00001'),
('12040', 'DE00001'),
('12041', 'DE00001'),
('12042', 'DE00001'),
('12043', 'DE00001'),
('12044', 'DE00001'),
('12045', 'DE00001'),
('12046', 'DE00001'),
('12047', 'DE00001'),
('12048', 'DE00001'),
('12049', 'DE00001'),
('12050', 'DE00001'),
('12051', 'DE00001'),
('12052', 'DE00001'),
('12053', 'DE00001'),
('12054', 'DE00001'),
('12055', 'DE00001'),
('12056', 'DE00001'),
('12057', 'DE00001'),
('12058', 'DE00001'),
('12059', 'DE00001'),
('12060', 'DE00001'),
('12061', 'DE00001'),
('12062', 'DE00001'),
('12063', 'DE00001'),
('12064', 'DE00001'),
('12065', 'DE00001'),
('12066', 'DE00001'),
('12067', 'DE00001'),
('12068', 'DE00001'),
('12069', 'DE00001'),
('12070', 'DE00001'),
('12071', 'DE00001'),
('12072', 'DE00001'),
('12073', 'DE00001'),
('12074', 'DE00001'),
('12075', 'DE00001'),
('12076', 'DE00001'),
('12077', 'DE00001'),
('12078', 'DE00001'),
('12079', 'DE00001'),
('12080', 'DE00001'),
('12081', 'DE00001'),
('12082', 'DE00001'),
('12083', 'DE00001'),
('12084', 'DE00001'),
('12085', 'DE00001'),
('12086', 'DE00001'),
('12087', 'DE00001'),
('12088', 'DE00001'),
('12089', 'DE00001'),
('12090', 'DE00001'),
('12091', 'DE00001'),
('12092', 'DE00001'),
('12093', 'DE00001'),
('12094', 'DE00001'),
('12095', 'DE00001'),
('12096', 'DE00001'),
('12097', 'DE00001'),
('12098', 'DE00001'),
('12099', 'DE00001'),
('12100', 'DE00001'),
('12101', 'DE00001'),
('12102', 'DE00001'),
('12103', 'DE00001'),
('12104', 'DE00001'),
('12105', 'DE00001'),
('12106', 'DE00001'),
('12107', 'DE00001'),
('12108', 'DE00001'),
('12109', 'DE00001'),
('12110', 'DE00001'),
('12111', 'DE00001'),
('12112', 'DE00001'),
('12113', 'DE00001'),
('12114', 'DE00001'),
('12115', 'DE00001'),
('12116', 'DE00001'),
('12117', 'DE00001'),
('12118', 'DE00001'),
('12119', 'DE00001'),
('12120', 'DE00001'),
('12121', 'DE00001'),
('12122', 'DE00001'),
('12123', 'DE00001'),
('12124', 'DE00001'),
('12125', 'DE00001'),
('12126', 'DE00001'),
('12127', 'DE00001'),
('12128', 'DE00001'),
('12129', 'DE00001'),
('12130', 'DE00001'),
('12131', 'DE00001'),
('12132', 'DE00001'),
('12133', 'DE00001'),
('12134', 'DE00001'),
('12135', 'DE00001'),
('12136', 'DE00001'),
('12137', 'DE00001'),
('12138', 'DE00001'),
('12139', 'DE00001'),
('12140', 'DE00001'),
('12141', 'DE00001'),
('12142', 'DE00001'),
('12143', 'DE00001'),
('12144', 'DE00001'),
('12145', 'DE00001'),
('12146', 'DE00001'),
('12147', 'DE00001'),
('12148', 'DE00001'),
('12149', 'DE00001'),
('12150', 'DE00001'),
('12151', 'DE00001'),
('12152', 'DE00001'),
('12153', 'DE00001'),
('12154', 'DE00001'),
('12155', 'DE00001'),
('12156', 'DE00001'),
('12157', 'DE00001'),
('12158', 'DE00001'),
('12159', 'DE00001'),
('12160', 'DE00001'),
('12161', 'DE00001'),
('12162', 'DE00001'),
('12163', 'DE00001'),
('12164', 'DE00001'),
('12165', 'DE00001'),
('12166', 'DE00001'),
('12167', 'DE00001'),
('12168', 'DE00001'),
('12169', 'DE00001'),
('12170', 'DE00001'),
('12171', 'DE00001'),
('12172', 'DE00001'),
('12173', 'DE00001'),
('12174', 'DE00001'),
('12175', 'DE00001'),
('12176', 'DE00001'),
('12177', 'DE00001'),
('12178', 'DE00001'),
('12179', 'DE00001'),
('12180', 'DE00001'),
('12181', 'DE00001'),
('12182', 'DE00001'),
('12183', 'DE00001'),
('12184', 'DE00001'),
('12185', 'DE00001'),
('12186', 'DE00001'),
('12187', 'DE00001'),
('12188', 'DE00001'),
('12189', 'DE00001'),
('12190', 'DE00001'),
('12191', 'DE00001'),
('12192', 'DE00001'),
('12193', 'DE00001'),
('12194', 'DE00001'),
('12195', 'DE00001'),
('12196', 'DE00001'),
('12197', 'DE00001'),
('12198', 'DE00001'),
('12199', 'DE00001'),
('12200', 'DE00001'),
('12201', 'DE00001'),
('12202', 'DE00001'),
('12203', 'DE00001'),
('12204', 'DE00001'),
('12205', 'DE00001'),
('12206', 'DE00001'),
('12207', 'DE00001'),
('12208', 'DE00001'),
('12209', 'DE00001'),
('12210', 'DE00001'),
('12211', 'DE00001'),
('12212', 'DE00001'),
('12213', 'DE00001'),
('12214', 'DE00001'),
('12215', 'DE00001'),
('12216', 'DE00001'),
('12217', 'DE00001'),
('12218', 'DE00001'),
('12219', 'DE00001'),
('12220', 'DE00001'),
('12221', 'DE00001'),
('12222', 'DE00001'),
('12223', 'DE00001'),
('12224', 'DE00001'),
('12225', 'DE00001'),
('12226', 'DE00001'),
('12227', 'DE00001'),
('12228', 'DE00001'),
('12229', 'DE00001'),
('12230', 'DE00001'),
('12231', 'DE00001'),
('12232', 'DE00001'),
('12233', 'DE00001'),
('12234', 'DE00001'),
('12235', 'DE00001'),
('12236', 'DE00001'),
('12237', 'DE00001'),
('12238', 'DE00001'),
('12239', 'DE00001'),
('12240', 'DE00001'),
('12241', 'DE00001'),
('12242', 'DE00001'),
('12243', 'DE00001'),
('12244', 'DE00001'),
('12245', 'DE00001'),
('12246', 'DE00001'),
('12247', 'DE00001'),
('12248', 'DE00001'),
('12249', 'DE00001'),
('12250', 'DE00001'),
('12251', 'DE00001'),
('12252', 'DE00001'),
('12253', 'DE00001'),
('12254', 'DE00001'),
('12255', 'DE00001'),
('12256', 'DE00001'),
('12257', 'DE00001'),
('12258', 'DE00001'),
('12259', 'DE00001'),
('12260', 'DE00001'),
('12261', 'DE00001'),
('12262', 'DE00001'),
('12263', 'DE00001'),
('12264', 'DE00001'),
('12265', 'DE00001'),
('12266', 'DE00001'),
('12267', 'DE00001'),
('12268', 'DE00001'),
('12269', 'DE00001'),
('12270', 'DE00001'),
('12271', 'DE00001'),
('12272', 'DE00001'),
('12273', 'DE00001'),
('12274', 'DE00001'),
('12275', 'DE00001'),
('12276', 'DE00001'),
('12277', 'DE00001'),
('12278', 'DE00001'),
('12279', 'DE00001'),
('12280', 'DE00001'),
('12281', 'DE00001'),
('12282', 'DE00001'),
('12283', 'DE00001'),
('12284', 'DE00001'),
('12285', 'DE00001'),
('12286', 'DE00001'),
('12287', 'DE00001'),
('12288', 'DE00001'),
('12289', 'DE00001'),
('12290', 'DE00001'),
('12291', 'DE00001'),
('12292', 'DE00001'),
('12293', 'DE00001'),
('12294', 'DE00001'),
('12295', 'DE00001'),
('12296', 'DE00001'),
('12297', 'DE00001'),
('12298', 'DE00001'),
('12299', 'DE00001'),
('12300', 'DE00001'),
('12301', 'DE00001'),
('12302', 'DE00001'),
('12303', 'DE00001'),
('12304', 'DE00001'),
('12305', 'DE00001'),
('12306', 'DE00001'),
('12307', 'DE00001'),
('12308', 'DE00001'),
('12309', 'DE00001'),
('12310', 'DE00001'),
('12311', 'DE00001'),
('12312', 'DE00001'),
('12313', 'DE00001'),
('12314', 'DE00001'),
('12315', 'DE00001'),
('12316', 'DE00001'),
('12317', 'DE00001'),
('12318', 'DE00001'),
('12319', 'DE00001'),
('12320', 'DE00001'),
('12321', 'DE00001'),
('12322', 'DE00001'),
('12323', 'DE00001'),
('12324', 'DE00001'),
('12325', 'DE00001'),
('12326', 'DE00001'),
('12327', 'DE00001'),
('12328', 'DE00001'),
('12329', 'DE00001'),
('12330', 'DE00001'),
('12331', 'DE00001'),
('12332', 'DE00001'),
('12333', 'DE00001'),
('12334', 'DE00001'),
('12335', 'DE00001'),
('12336', 'DE00001'),
('12337', 'DE00001'),
('12338', 'DE00001'),
('12339', 'DE00001'),
('12340', 'DE00001'),
('12341', 'DE00001'),
('12342', 'DE00001'),
('12343', 'DE00001'),
('12344', 'DE00001'),
('12345', 'DE00001'),
('12346', 'DE00001'),
('12347', 'DE00001'),
('12348', 'DE00001'),
('12349', 'DE00001'),
('12350', 'DE00001'),
('12351', 'DE00001'),
('12352', 'DE00001'),
('12353', 'DE00001'),
('12354', 'DE00001'),
('12355', 'DE00001'),
('12356', 'DE00001'),
('12357', 'DE00001'),
('12358', 'DE00001'),
('12359', 'DE00001'),
('12360', 'DE00001'),
('12361', 'DE00001'),
('12362', 'DE00001'),
('12363', 'DE00001'),
('12364', 'DE00001'),
('12365', 'DE00001'),
('12366', 'DE00001'),
('12367', 'DE00001'),
('12368', 'DE00001'),
('12369', 'DE00001'),
('12370', 'DE00001'),
('12371', 'DE00001'),
('12372', 'DE00001'),
('12373', 'DE00001'),
('12374', 'DE00001'),
('12375', 'DE00001'),
('12376', 'DE00001'),
('12377', 'DE00001'),
('12378', 'DE00001'),
('12379', 'DE00001'),
('12380', 'DE00001'),
('12381', 'DE00001'),
('12382', 'DE00001'),
('12383', 'DE00001'),
('12384', 'DE00001'),
('12385', 'DE00001'),
('12386', 'DE00001'),
('12387', 'DE00001'),
('12388', 'DE00001'),
('12389', 'DE00001'),
('12390', 'DE00001'),
('12391', 'DE00001'),
('12392', 'DE00001'),
('12393', 'DE00001'),
('12394', 'DE00001'),
('12395', 'DE00001'),
('12396', 'DE00001'),
('12397', 'DE00001'),
('12398', 'DE00001'),
('12399', 'DE00001'),
('12400', 'DE00001'),
('12401', 'DE00001'),
('12402', 'DE00001'),
('12403', 'DE00001'),
('12404', 'DE00001'),
('12405', 'DE00001'),
('12406', 'DE00001'),
('12407', 'DE00001'),
('12408', 'DE00001'),
('12409', 'DE00001'),
('12410', 'DE00001'),
('12411', 'DE00001'),
('12412', 'DE00001'),
('12413', 'DE00001'),
('12414', 'DE00001'),
('12415', 'DE00001'),
('12416', 'DE00001'),
('12417', 'DE00001'),
('12418', 'DE00001'),
('12419', 'DE00001'),
('12420', 'DE00001'),
('12421', 'DE00001'),
('12422', 'DE00001'),
('12423', 'DE00001'),
('12424', 'DE00001'),
('12425', 'DE00001'),
('12426', 'DE00001'),
('12427', 'DE00001'),
('12428', 'DE00001'),
('12429', 'DE00001'),
('12430', 'DE00001'),
('12431', 'DE00001'),
('12432', 'DE00001'),
('12433', 'DE00001'),
('12434', 'DE00001'),
('12435', 'DE00001'),
('12436', 'DE00001'),
('12437', 'DE00001'),
('12438', 'DE00001'),
('12439', 'DE00001'),
('12440', 'DE00001'),
('12441', 'DE00001'),
('12442', 'DE00001'),
('12443', 'DE00001'),
('12444', 'DE00001'),
('12445', 'DE00001'),
('12446', 'DE00001'),
('12447', 'DE00001'),
('12448', 'DE00001'),
('12449', 'DE00001'),
('12450', 'DE00001'),
('12451', 'DE00001'),
('12452', 'DE00001'),
('12453', 'DE00001'),
('12454', 'DE00001'),
('12455', 'DE00001'),
('12456', 'DE00001'),
('12457', 'DE00001'),
('12458', 'DE00001'),
('12459', 'DE00001'),
('12460', 'DE00001'),
('12461', 'DE00001'),
('12462', 'DE00001'),
('12463', 'DE00001'),
('12464', 'DE00001'),
('12465', 'DE00001'),
('12466', 'DE00001'),
('12467', 'DE00001'),
('12468', 'DE00001'),
('12469', 'DE00001'),
('12470', 'DE00001'),
('12471', 'DE00001'),
('12472', 'DE00001'),
('12473', 'DE00001'),
('12474', 'DE00001'),
('12475', 'DE00001'),
('12476', 'DE00001'),
('12477', 'DE00001'),
('12478', 'DE00001'),
('12479', 'DE00001'),
('12480', 'DE00001'),
('12481', 'DE00001'),
('12482', 'DE00001'),
('12483', 'DE00001'),
('12484', 'DE00001'),
('12485', 'DE00001'),
('12486', 'DE00001'),
('12487', 'DE00001'),
('12488', 'DE00001'),
('12489', 'DE00001'),
('12490', 'DE00001'),
('12491', 'DE00001'),
('12492', 'DE00001'),
('12493', 'DE00001'),
('12494', 'DE00001'),
('12495', 'DE00001'),
('12496', 'DE00001'),
('12497', 'DE00001'),
('12498', 'DE00001'),
('12499', 'DE00001'),
('12500', 'DE00001'),
('12501', 'DE00001'),
('12502', 'DE00001'),
('12503', 'DE00001'),
('12504', 'DE00001'),
('12505', 'DE00001'),
('12506', 'DE00001'),
('12507', 'DE00001'),
('12508', 'DE00001'),
('12509', 'DE00001'),
('12510', 'DE00001'),
('12511', 'DE00001'),
('12512', 'DE00001'),
('12513', 'DE00001'),
('12514', 'DE00001'),
('12515', 'DE00001'),
('12516', 'DE00001'),
('12517', 'DE00001'),
('12518', 'DE00001'),
('12519', 'DE00001'),
('12520', 'DE00001'),
('12521', 'DE00001'),
('12522', 'DE00001'),
('12523', 'DE00001'),
('12524', 'DE00001'),
('12525', 'DE00001'),
('12526', 'DE00001'),
('12527', 'DE00001'),
('12528', 'DE00001'),
('12529', 'DE00001'),
('12530', 'DE00001'),
('12531', 'DE00001'),
('12532', 'DE00001'),
('12533', 'DE00001'),
('12534', 'DE00001'),
('12535', 'DE00001'),
('12536', 'DE00001'),
('12537', 'DE00001'),
('12538', 'DE00001'),
('12539', 'DE00001'),
('12540', 'DE00001'),
('12541', 'DE00001'),
('12542', 'DE00001'),
('12543', 'DE00001'),
('12544', 'DE00001'),
('12545', 'DE00001'),
('12546', 'DE00001'),
('12547', 'DE00001'),
('12548', 'DE00001'),
('12549', 'DE00001'),
('12550', 'DE00001'),
('12551', 'DE00001'),
('12552', 'DE00001'),
('12553', 'DE00001'),
('12554', 'DE00001'),
('12555', 'DE00001'),
('12556', 'DE00001'),
('12557', 'DE00001'),
('12558', 'DE00001'),
('12559', 'DE00001'),
('12560', 'DE00001'),
('12561', 'DE00001'),
('12562', 'DE00001'),
('12563', 'DE00001'),
('12564', 'DE00001'),
('12565', 'DE00001'),
('12566', 'DE00001'),
('12567', 'DE00001'),
('12568', 'DE00001'),
('12569', 'DE00001'),
('12570', 'DE00001'),
('12571', 'DE00001'),
('12572', 'DE00001'),
('12573', 'DE00001'),
('12574', 'DE00001'),
('12575', 'DE00001'),
('12576', 'DE00001'),
('12577', 'DE00001'),
('12578', 'DE00001'),
('12579', 'DE00001'),
('12580', 'DE00001'),
('12581', 'DE00001'),
('12582', 'DE00001'),
('12583', 'DE00001'),
('12584', 'DE00001'),
('12585', 'DE00001'),
('12586', 'DE00001'),
('12587', 'DE00001'),
('12588', 'DE00001'),
('12589', 'DE00001'),
('12590', 'DE00001'),
('12591', 'DE00001'),
('12592', 'DE00001'),
('12593', 'DE00001'),
('12594', 'DE00001'),
('12595', 'DE00001'),
('12596', 'DE00001'),
('12597', 'DE00001'),
('12598', 'DE00001'),
('12599', 'DE00001'),
('12600', 'DE00001'),
('12601', 'DE00001'),
('12602', 'DE00001'),
('12603', 'DE00001'),
('12604', 'DE00001'),
('12605', 'DE00001'),
('12606', 'DE00001'),
('12607', 'DE00001'),
('12608', 'DE00001'),
('12609', 'DE00001'),
('12610', 'DE00001'),
('12611', 'DE00001'),
('12612', 'DE00001'),
('12613', 'DE00001'),
('12614', 'DE00001'),
('12615', 'DE00001'),
('12616', 'DE00001'),
('12617', 'DE00001'),
('12618', 'DE00001'),
('12619', 'DE00001'),
('12620', 'DE00001'),
('12621', 'DE00001'),
('12622', 'DE00001'),
('12623', 'DE00001'),
('12624', 'DE00001'),
('12625', 'DE00001'),
('12626', 'DE00001'),
('12627', 'DE00001'),
('12628', 'DE00001'),
('12629', 'DE00001'),
('12630', 'DE00001'),
('12631', 'DE00001'),
('12632', 'DE00001'),
('12633', 'DE00001'),
('12634', 'DE00001'),
('12635', 'DE00001'),
('12636', 'DE00001'),
('12637', 'DE00001'),
('12638', 'DE00001'),
('12639', 'DE00001'),
('12640', 'DE00001'),
('12641', 'DE00001'),
('12642', 'DE00001'),
('12643', 'DE00001'),
('12644', 'DE00001'),
('12645', 'DE00001'),
('12646', 'DE00001'),
('12647', 'DE00001'),
('12648', 'DE00001'),
('12649', 'DE00001'),
('12650', 'DE00001'),
('12651', 'DE00001'),
('12652', 'DE00001'),
('12653', 'DE00001'),
('12654', 'DE00001'),
('12655', 'DE00001'),
('12656', 'DE00001'),
('12657', 'DE00001'),
('12658', 'DE00001'),
('12659', 'DE00001'),
('12660', 'DE00001'),
('12661', 'DE00001'),
('12662', 'DE00001'),
('12663', 'DE00001'),
('12664', 'DE00001'),
('12665', 'DE00001'),
('12666', 'DE00001'),
('12667', 'DE00001'),
('12668', 'DE00001'),
('12669', 'DE00001'),
('12670', 'DE00001'),
('12671', 'DE00001'),
('12672', 'DE00001'),
('12673', 'DE00001'),
('12674', 'DE00001'),
('12675', 'DE00001'),
('12676', 'DE00001'),
('12677', 'DE00001'),
('12678', 'DE00001'),
('12679', 'DE00001'),
('12680', 'DE00001'),
('12681', 'DE00001'),
('12682', 'DE00001'),
('12683', 'DE00001'),
('12684', 'DE00001'),
('12685', 'DE00001'),
('12686', 'DE00001'),
('12687', 'DE00001'),
('12688', 'DE00001'),
('12689', 'DE00001'),
('12690', 'DE00001'),
('12691', 'DE00001'),
('12692', 'DE00001'),
('12693', 'DE00001'),
('12694', 'DE00001'),
('12695', 'DE00001'),
('12696', 'DE00001'),
('12697', 'DE00001'),
('12698', 'DE00001'),
('12699', 'DE00001'),
('12700', 'DE00001'),
('12701', 'DE00001'),
('12702', 'DE00001'),
('12703', 'DE00001'),
('12704', 'DE00001'),
('12705', 'DE00001'),
('12706', 'DE00001'),
('12707', 'DE00001'),
('12708', 'DE00001'),
('12709', 'DE00001'),
('12710', 'DE00001'),
('12711', 'DE00001'),
('12712', 'DE00001'),
('12713', 'DE00001'),
('12714', 'DE00001'),
('12715', 'DE00001'),
('12716', 'DE00001'),
('12717', 'DE00001'),
('12718', 'DE00001'),
('12719', 'DE00001'),
('12720', 'DE00001'),
('12721', 'DE00001'),
('12722', 'DE00001'),
('12723', 'DE00001'),
('12724', 'DE00001'),
('12725', 'DE00001'),
('12726', 'DE00001'),
('12727', 'DE00001'),
('12728', 'DE00001'),
('12729', 'DE00001'),
('12730', 'DE00001'),
('12731', 'DE00001'),
('12732', 'DE00001'),
('12733', 'DE00001'),
('12734', 'DE00001'),
('12735', 'DE00001'),
('12736', 'DE00001'),
('12737', 'DE00001'),
('12738', 'DE00001'),
('12739', 'DE00001'),
('12740', 'DE00001'),
('12741', 'DE00001'),
('12742', 'DE00001'),
('12743', 'DE00001'),
('12744', 'DE00001'),
('12745', 'DE00001'),
('12746', 'DE00001'),
('12747', 'DE00001'),
('12748', 'DE00001'),
('12749', 'DE00001'),
('12750', 'DE00001'),
('12751', 'DE00001'),
('12752', 'DE00001'),
('12753', 'DE00001'),
('12754', 'DE00001'),
('12755', 'DE00001'),
('12756', 'DE00001'),
('12757', 'DE00001'),
('12758', 'DE00001'),
('12759', 'DE00001'),
('12760', 'DE00001'),
('12761', 'DE00001'),
('12762', 'DE00001'),
('12763', 'DE00001'),
('12764', 'DE00001'),
('12765', 'DE00001'),
('12766', 'DE00001'),
('12767', 'DE00001'),
('12768', 'DE00001'),
('12769', 'DE00001'),
('12770', 'DE00001'),
('12771', 'DE00001'),
('12772', 'DE00001'),
('12773', 'DE00001'),
('12774', 'DE00001'),
('12775', 'DE00001'),
('12776', 'DE00001'),
('12777', 'DE00001'),
('12778', 'DE00001'),
('12779', 'DE00001'),
('12780', 'DE00001'),
('12781', 'DE00001'),
('12782', 'DE00001'),
('12783', 'DE00001'),
('12784', 'DE00001'),
('12785', 'DE00001'),
('12786', 'DE00001'),
('12787', 'DE00001'),
('12788', 'DE00001'),
('12789', 'DE00001'),
('12790', 'DE00001'),
('12791', 'DE00001'),
('12792', 'DE00001'),
('12793', 'DE00001'),
('12794', 'DE00001'),
('12795', 'DE00001'),
('12796', 'DE00001'),
('12797', 'DE00001'),
('12798', 'DE00001'),
('12799', 'DE00001'),
('12800', 'DE00001'),
('12801', 'DE00001'),
('12802', 'DE00001'),
('12803', 'DE00001'),
('12804', 'DE00001'),
('12805', 'DE00001'),
('12806', 'DE00001'),
('12807', 'DE00001'),
('12808', 'DE00001'),
('12809', 'DE00001'),
('12810', 'DE00001'),
('12811', 'DE00001'),
('12812', 'DE00001'),
('12813', 'DE00001'),
('12814', 'DE00001'),
('12815', 'DE00001'),
('12816', 'DE00001'),
('12817', 'DE00001'),
('12818', 'DE00001'),
('12819', 'DE00001'),
('12820', 'DE00001'),
('12821', 'DE00001'),
('12822', 'DE00001'),
('12823', 'DE00001'),
('12824', 'DE00001'),
('12825', 'DE00001'),
('12826', 'DE00001'),
('12827', 'DE00001'),
('12828', 'DE00001'),
('12829', 'DE00001'),
('12830', 'DE00001'),
('12831', 'DE00001'),
('12832', 'DE00001'),
('12833', 'DE00001'),
('12834', 'DE00001'),
('12835', 'DE00001'),
('12836', 'DE00001'),
('12837', 'DE00001'),
('12838', 'DE00001'),
('12839', 'DE00001'),
('12840', 'DE00001'),
('12841', 'DE00001'),
('12842', 'DE00001'),
('12843', 'DE00001'),
('12844', 'DE00001'),
('12845', 'DE00001'),
('12846', 'DE00001'),
('12847', 'DE00001'),
('12848', 'DE00001'),
('12849', 'DE00001'),
('12850', 'DE00001'),
('12851', 'DE00001'),
('12852', 'DE00001'),
('12853', 'DE00001'),
('12854', 'DE00001'),
('12855', 'DE00001'),
('12856', 'DE00001'),
('12857', 'DE00001'),
('12858', 'DE00001'),
('12859', 'DE00001'),
('12860', 'DE00001'),
('12861', 'DE00001'),
('12862', 'DE00001'),
('12863', 'DE00001'),
('12864', 'DE00001'),
('12865', 'DE00001'),
('12866', 'DE00001'),
('12867', 'DE00001'),
('12868', 'DE00001'),
('12869', 'DE00001'),
('12870', 'DE00001'),
('12871', 'DE00001'),
('12872', 'DE00001'),
('12873', 'DE00001'),
('12874', 'DE00001'),
('12875', 'DE00001'),
('12876', 'DE00001'),
('12877', 'DE00001'),
('12878', 'DE00001'),
('12879', 'DE00001'),
('12880', 'DE00001'),
('12881', 'DE00001'),
('12882', 'DE00001'),
('12883', 'DE00001'),
('12884', 'DE00001'),
('12885', 'DE00001'),
('12886', 'DE00001'),
('12887', 'DE00001'),
('12888', 'DE00001'),
('12889', 'DE00001'),
('12890', 'DE00001'),
('12891', 'DE00001'),
('12892', 'DE00001'),
('12893', 'DE00001'),
('12894', 'DE00001'),
('12895', 'DE00001'),
('12896', 'DE00001'),
('12897', 'DE00001'),
('12898', 'DE00001'),
('12899', 'DE00001'),
('12900', 'DE00001'),
('12901', 'DE00001'),
('12902', 'DE00001'),
('12903', 'DE00001'),
('12904', 'DE00001'),
('12905', 'DE00001'),
('12906', 'DE00001'),
('12907', 'DE00001'),
('12908', 'DE00001'),
('12909', 'DE00001'),
('12910', 'DE00001'),
('12911', 'DE00001'),
('12912', 'DE00001'),
('12913', 'DE00001'),
('12914', 'DE00001'),
('12915', 'DE00001'),
('12916', 'DE00001'),
('12917', 'DE00001'),
('12918', 'DE00001'),
('12919', 'DE00001'),
('12920', 'DE00001'),
('12921', 'DE00001'),
('12922', 'DE00001'),
('12923', 'DE00001'),
('12924', 'DE00001'),
('12925', 'DE00001'),
('12926', 'DE00001'),
('12927', 'DE00001'),
('12928', 'DE00001'),
('12929', 'DE00001'),
('12930', 'DE00001'),
('12931', 'DE00001'),
('12932', 'DE00001'),
('12933', 'DE00001'),
('12934', 'DE00001'),
('12935', 'DE00001'),
('12936', 'DE00001'),
('12937', 'DE00001'),
('12938', 'DE00001'),
('12939', 'DE00001'),
('12940', 'DE00001'),
('12941', 'DE00001'),
('12942', 'DE00001'),
('12943', 'DE00001'),
('12944', 'DE00001'),
('12945', 'DE00001'),
('12946', 'DE00001'),
('12947', 'DE00001'),
('12948', 'DE00001'),
('12949', 'DE00001'),
('12950', 'DE00001'),
('12951', 'DE00001'),
('12952', 'DE00001'),
('12953', 'DE00001'),
('12954', 'DE00001'),
('12955', 'DE00001'),
('12956', 'DE00001'),
('12957', 'DE00001'),
('12958', 'DE00001'),
('12959', 'DE00001'),
('12960', 'DE00001'),
('12961', 'DE00001'),
('12962', 'DE00001'),
('12963', 'DE00001'),
('12964', 'DE00001'),
('12965', 'DE00001'),
('12966', 'DE00001'),
('12967', 'DE00001'),
('12968', 'DE00001'),
('12969', 'DE00001'),
('12970', 'DE00001'),
('12971', 'DE00001'),
('12972', 'DE00001'),
('12973', 'DE00001'),
('12974', 'DE00001'),
('12975', 'DE00001'),
('12976', 'DE00001'),
('12977', 'DE00001'),
('12978', 'DE00001'),
('12979', 'DE00001'),
('12980', 'DE00001'),
('12981', 'DE00001'),
('12982', 'DE00001'),
('12983', 'DE00001'),
('12984', 'DE00001'),
('12985', 'DE00001'),
('12986', 'DE00001'),
('12987', 'DE00001'),
('12988', 'DE00001'),
('12989', 'DE00001'),
('12990', 'DE00001'),
('12991', 'DE00001'),
('12992', 'DE00001'),
('12993', 'DE00001'),
('12994', 'DE00001'),
('12995', 'DE00001'),
('12996', 'DE00001'),
('12997', 'DE00001'),
('12998', 'DE00001'),
('12999', 'DE00001'),
('13000', 'DE00001'),
('13001', 'DE00001'),
('13002', 'DE00001'),
('13003', 'DE00001'),
('13004', 'DE00001'),
('13005', 'DE00001'),
('13006', 'DE00001'),
('13007', 'DE00001'),
('13008', 'DE00001'),
('13009', 'DE00001'),
('13010', 'DE00001'),
('13011', 'DE00001'),
('13012', 'DE00001'),
('13013', 'DE00001'),
('13014', 'DE00001'),
('13015', 'DE00001'),
('13016', 'DE00001'),
('13017', 'DE00001'),
('13018', 'DE00001'),
('13019', 'DE00001'),
('13020', 'DE00001'),
('13021', 'DE00001'),
('13022', 'DE00001'),
('13023', 'DE00001'),
('13024', 'DE00001'),
('13025', 'DE00001'),
('13026', 'DE00001'),
('13027', 'DE00001'),
('13028', 'DE00001'),
('13029', 'DE00001'),
('13030', 'DE00001'),
('13031', 'DE00001'),
('13032', 'DE00001'),
('13033', 'DE00001'),
('13034', 'DE00001'),
('13035', 'DE00001'),
('13036', 'DE00001'),
('13037', 'DE00001'),
('13038', 'DE00001'),
('13039', 'DE00001'),
('13040', 'DE00001'),
('13041', 'DE00001'),
('13042', 'DE00001'),
('13043', 'DE00001'),
('13044', 'DE00001'),
('13045', 'DE00001'),
('13046', 'DE00001'),
('13047', 'DE00001'),
('13048', 'DE00001'),
('13049', 'DE00001'),
('13050', 'DE00001'),
('13051', 'DE00001'),
('13052', 'DE00001'),
('13053', 'DE00001'),
('13054', 'DE00001'),
('13055', 'DE00001'),
('13056', 'DE00001'),
('13057', 'DE00001'),
('13058', 'DE00001'),
('13059', 'DE00001'),
('13060', 'DE00001'),
('13061', 'DE00001'),
('13062', 'DE00001'),
('13063', 'DE00001'),
('13064', 'DE00001'),
('13065', 'DE00001'),
('13066', 'DE00001'),
('13067', 'DE00001'),
('13068', 'DE00001'),
('13069', 'DE00001'),
('13070', 'DE00001'),
('13071', 'DE00001'),
('13072', 'DE00001'),
('13073', 'DE00001'),
('13074', 'DE00001'),
('13075', 'DE00001'),
('13076', 'DE00001'),
('13077', 'DE00001'),
('13078', 'DE00001'),
('13079', 'DE00001'),
('13080', 'DE00001'),
('13081', 'DE00001'),
('13082', 'DE00001'),
('13083', 'DE00001'),
('13084', 'DE00001'),
('13085', 'DE00001'),
('13086', 'DE00001'),
('13087', 'DE00001'),
('13088', 'DE00001'),
('13089', 'DE00001'),
('13090', 'DE00001'),
('13091', 'DE00001'),
('13092', 'DE00001'),
('13093', 'DE00001'),
('13094', 'DE00001'),
('13095', 'DE00001'),
('13096', 'DE00001'),
('13097', 'DE00001'),
('13098', 'DE00001'),
('13099', 'DE00001'),
('13100', 'DE00001'),
('13101', 'DE00001'),
('13102', 'DE00001'),
('13103', 'DE00001'),
('13104', 'DE00001'),
('13105', 'DE00001'),
('13106', 'DE00001'),
('13107', 'DE00001'),
('13108', 'DE00001'),
('13109', 'DE00001'),
('13110', 'DE00001'),
('13111', 'DE00001'),
('13112', 'DE00001'),
('13113', 'DE00001'),
('13114', 'DE00001'),
('13115', 'DE00001'),
('13116', 'DE00001'),
('13117', 'DE00001'),
('13118', 'DE00001'),
('13119', 'DE00001'),
('13120', 'DE00001'),
('13121', 'DE00001'),
('13122', 'DE00001'),
('13123', 'DE00001'),
('13124', 'DE00001'),
('13125', 'DE00001'),
('13126', 'DE00001'),
('13127', 'DE00001'),
('13128', 'DE00001'),
('13129', 'DE00001'),
('13130', 'DE00001'),
('13131', 'DE00001'),
('13132', 'DE00001'),
('13133', 'DE00001'),
('13134', 'DE00001'),
('13135', 'DE00001'),
('13136', 'DE00001'),
('13137', 'DE00001'),
('13138', 'DE00001'),
('13139', 'DE00001'),
('13140', 'DE00001'),
('13141', 'DE00001'),
('13142', 'DE00001'),
('13143', 'DE00001'),
('13144', 'DE00001'),
('13145', 'DE00001'),
('13146', 'DE00001'),
('13147', 'DE00001'),
('13148', 'DE00001'),
('13149', 'DE00001'),
('13150', 'DE00001'),
('13151', 'DE00001'),
('13152', 'DE00001'),
('13153', 'DE00001'),
('13154', 'DE00001'),
('13155', 'DE00001'),
('13156', 'DE00001'),
('13157', 'DE00001'),
('13158', 'DE00001'),
('13159', 'DE00001'),
('13160', 'DE00001'),
('13161', 'DE00001'),
('13162', 'DE00001'),
('13163', 'DE00001'),
('13164', 'DE00001'),
('13165', 'DE00001'),
('13166', 'DE00001'),
('13167', 'DE00001'),
('13168', 'DE00001'),
('13169', 'DE00001'),
('13170', 'DE00001'),
('13171', 'DE00001'),
('13172', 'DE00001'),
('13173', 'DE00001'),
('13174', 'DE00001'),
('13175', 'DE00001'),
('13176', 'DE00001'),
('13177', 'DE00001'),
('13178', 'DE00001'),
('13179', 'DE00001'),
('13180', 'DE00001'),
('13181', 'DE00001'),
('13182', 'DE00001'),
('13183', 'DE00001'),
('13184', 'DE00001'),
('13185', 'DE00001'),
('13186', 'DE00001'),
('13187', 'DE00001'),
('13188', 'DE00001'),
('13189', 'DE00001'),
('13190', 'DE00001'),
('13191', 'DE00001'),
('13192', 'DE00001'),
('13193', 'DE00001'),
('13194', 'DE00001'),
('13195', 'DE00001'),
('13196', 'DE00001'),
('13197', 'DE00001'),
('13198', 'DE00001'),
('13199', 'DE00001'),
('13200', 'DE00001'),
('13201', 'DE00001'),
('13202', 'DE00001'),
('13203', 'DE00001'),
('13204', 'DE00001'),
('13205', 'DE00001'),
('13206', 'DE00001'),
('13207', 'DE00001'),
('13208', 'DE00001'),
('13209', 'DE00001'),
('13210', 'DE00001'),
('13211', 'DE00001'),
('13212', 'DE00001'),
('13213', 'DE00001'),
('13214', 'DE00001'),
('13215', 'DE00001'),
('13216', 'DE00001'),
('13217', 'DE00001'),
('13218', 'DE00001'),
('13219', 'DE00001'),
('13220', 'DE00001'),
('13221', 'DE00001'),
('13222', 'DE00001'),
('13223', 'DE00001'),
('13224', 'DE00001'),
('13225', 'DE00001'),
('13226', 'DE00001'),
('13227', 'DE00001'),
('13228', 'DE00001'),
('13229', 'DE00001'),
('13230', 'DE00001'),
('13231', 'DE00001'),
('13232', 'DE00001'),
('13233', 'DE00001'),
('13234', 'DE00001'),
('13235', 'DE00001'),
('13236', 'DE00001'),
('13237', 'DE00001'),
('13238', 'DE00001'),
('13239', 'DE00001'),
('13240', 'DE00001'),
('13241', 'DE00001'),
('13242', 'DE00001'),
('13243', 'DE00001'),
('13244', 'DE00001'),
('13245', 'DE00001'),
('13246', 'DE00001'),
('13247', 'DE00001'),
('13248', 'DE00001'),
('13249', 'DE00001'),
('13250', 'DE00001'),
('13251', 'DE00001'),
('13252', 'DE00001'),
('13253', 'DE00001'),
('13254', 'DE00001'),
('13255', 'DE00001'),
('13256', 'DE00001'),
('13257', 'DE00001'),
('13258', 'DE00001'),
('13259', 'DE00001'),
('13260', 'DE00001'),
('13261', 'DE00001'),
('13262', 'DE00001'),
('13263', 'DE00001'),
('13264', 'DE00001'),
('13265', 'DE00001'),
('13266', 'DE00001'),
('13267', 'DE00001'),
('13268', 'DE00001'),
('13269', 'DE00001'),
('13270', 'DE00001'),
('13271', 'DE00001'),
('13272', 'DE00001'),
('13273', 'DE00001'),
('13274', 'DE00001'),
('13275', 'DE00001'),
('13276', 'DE00001'),
('13277', 'DE00001'),
('13278', 'DE00001'),
('13279', 'DE00001'),
('13280', 'DE00001'),
('13281', 'DE00001'),
('13282', 'DE00001'),
('13283', 'DE00001'),
('13284', 'DE00001'),
('13285', 'DE00001'),
('13286', 'DE00001'),
('13287', 'DE00001'),
('13288', 'DE00001'),
('13289', 'DE00001'),
('13290', 'DE00001'),
('13291', 'DE00001'),
('13292', 'DE00001'),
('13293', 'DE00001'),
('13294', 'DE00001'),
('13295', 'DE00001'),
('13296', 'DE00001'),
('13297', 'DE00001'),
('13298', 'DE00001'),
('13299', 'DE00001'),
('13300', 'DE00001'),
('13301', 'DE00001'),
('13302', 'DE00001'),
('13303', 'DE00001'),
('13304', 'DE00001'),
('13305', 'DE00001'),
('13306', 'DE00001'),
('13307', 'DE00001'),
('13308', 'DE00001'),
('13309', 'DE00001'),
('13310', 'DE00001'),
('13311', 'DE00001'),
('13312', 'DE00001'),
('13313', 'DE00001'),
('13314', 'DE00001'),
('13315', 'DE00001'),
('13316', 'DE00001'),
('13317', 'DE00001'),
('13318', 'DE00001'),
('13319', 'DE00001'),
('13320', 'DE00001'),
('13321', 'DE00001'),
('13322', 'DE00001'),
('13323', 'DE00001'),
('13324', 'DE00001'),
('13325', 'DE00001'),
('13326', 'DE00001'),
('13327', 'DE00001'),
('13328', 'DE00001'),
('13329', 'DE00001'),
('13330', 'DE00001'),
('13331', 'DE00001'),
('13332', 'DE00001'),
('13333', 'DE00001'),
('13334', 'DE00001'),
('13335', 'DE00001'),
('13336', 'DE00001'),
('13337', 'DE00001'),
('13338', 'DE00001'),
('13339', 'DE00001'),
('13340', 'DE00001'),
('13341', 'DE00001'),
('13342', 'DE00001'),
('13343', 'DE00001'),
('13344', 'DE00001'),
('13345', 'DE00001'),
('13346', 'DE00001'),
('13347', 'DE00001'),
('13348', 'DE00001'),
('13349', 'DE00001'),
('13350', 'DE00001'),
('13351', 'DE00001'),
('13352', 'DE00001'),
('13353', 'DE00001'),
('13354', 'DE00001'),
('13355', 'DE00001'),
('13356', 'DE00001'),
('13357', 'DE00001'),
('13358', 'DE00001'),
('13359', 'DE00001'),
('13360', 'DE00001'),
('13361', 'DE00001'),
('13362', 'DE00001'),
('13363', 'DE00001'),
('13364', 'DE00001'),
('13365', 'DE00001'),
('13366', 'DE00001'),
('13367', 'DE00001'),
('13368', 'DE00001'),
('13369', 'DE00001'),
('13370', 'DE00001'),
('13371', 'DE00001'),
('13372', 'DE00001'),
('13373', 'DE00001'),
('13374', 'DE00001'),
('13375', 'DE00001'),
('13376', 'DE00001'),
('13377', 'DE00001'),
('13378', 'DE00001'),
('13379', 'DE00001'),
('13380', 'DE00001'),
('13381', 'DE00001'),
('13382', 'DE00001'),
('13383', 'DE00001'),
('13384', 'DE00001'),
('13385', 'DE00001'),
('13386', 'DE00001'),
('13387', 'DE00001'),
('13388', 'DE00001'),
('13389', 'DE00001'),
('13390', 'DE00001'),
('13391', 'DE00001'),
('13392', 'DE00001'),
('13393', 'DE00001'),
('13394', 'DE00001'),
('13395', 'DE00001'),
('13396', 'DE00001'),
('13397', 'DE00001'),
('13398', 'DE00001'),
('13399', 'DE00001'),
('13400', 'DE00001'),
('13401', 'DE00001'),
('13402', 'DE00001'),
('13403', 'DE00001'),
('13404', 'DE00001'),
('13405', 'DE00001'),
('13406', 'DE00001'),
('13407', 'DE00001'),
('13408', 'DE00001'),
('13409', 'DE00001'),
('13410', 'DE00001'),
('13411', 'DE00001'),
('13412', 'DE00001'),
('13413', 'DE00001'),
('13414', 'DE00001'),
('13415', 'DE00001'),
('13416', 'DE00001'),
('13417', 'DE00001'),
('13418', 'DE00001'),
('13419', 'DE00001'),
('13420', 'DE00001'),
('13421', 'DE00001'),
('13422', 'DE00001'),
('13423', 'DE00001'),
('13424', 'DE00001'),
('13425', 'DE00001'),
('13426', 'DE00001'),
('13427', 'DE00001'),
('13428', 'DE00001'),
('13429', 'DE00001'),
('13430', 'DE00001'),
('13431', 'DE00001'),
('13432', 'DE00001'),
('13433', 'DE00001'),
('13434', 'DE00001'),
('13435', 'DE00001'),
('13436', 'DE00001'),
('13437', 'DE00001'),
('13438', 'DE00001'),
('13439', 'DE00001'),
('13440', 'DE00001'),
('13441', 'DE00001'),
('13442', 'DE00001'),
('13443', 'DE00001'),
('13444', 'DE00001'),
('13445', 'DE00001'),
('13446', 'DE00001'),
('13447', 'DE00001'),
('13448', 'DE00001'),
('13449', 'DE00001'),
('13450', 'DE00001'),
('13451', 'DE00001'),
('13452', 'DE00001'),
('13453', 'DE00001'),
('13454', 'DE00001'),
('13455', 'DE00001'),
('13456', 'DE00001'),
('13457', 'DE00001'),
('13458', 'DE00001'),
('13459', 'DE00001'),
('13460', 'DE00001'),
('13461', 'DE00001'),
('13462', 'DE00001'),
('13463', 'DE00001'),
('13464', 'DE00001'),
('13465', 'DE00001'),
('13466', 'DE00001'),
('13467', 'DE00001'),
('13468', 'DE00001'),
('13469', 'DE00001'),
('13470', 'DE00001'),
('13471', 'DE00001'),
('13472', 'DE00001'),
('13473', 'DE00001'),
('13474', 'DE00001'),
('13475', 'DE00001'),
('13476', 'DE00001'),
('13477', 'DE00001'),
('13478', 'DE00001'),
('13479', 'DE00001'),
('13480', 'DE00001'),
('13481', 'DE00001'),
('13482', 'DE00001'),
('13483', 'DE00001'),
('13484', 'DE00001'),
('13485', 'DE00001'),
('13486', 'DE00001'),
('13487', 'DE00001'),
('13488', 'DE00001'),
('13489', 'DE00001'),
('13490', 'DE00001'),
('13491', 'DE00001'),
('13492', 'DE00001'),
('13493', 'DE00001'),
('13494', 'DE00001'),
('13495', 'DE00001'),
('13496', 'DE00001'),
('13497', 'DE00001'),
('13498', 'DE00001'),
('13499', 'DE00001'),
('13500', 'DE00001'),
('13501', 'DE00001'),
('13502', 'DE00001'),
('13503', 'DE00001'),
('13504', 'DE00001'),
('13505', 'DE00001'),
('13506', 'DE00001'),
('13507', 'DE00001'),
('13508', 'DE00001'),
('13509', 'DE00001'),
('13510', 'DE00001'),
('13511', 'DE00001'),
('13512', 'DE00001'),
('13513', 'DE00001'),
('13514', 'DE00001'),
('13515', 'DE00001'),
('13516', 'DE00001'),
('13517', 'DE00001'),
('13518', 'DE00001'),
('13519', 'DE00001'),
('13520', 'DE00001'),
('13521', 'DE00001'),
('13522', 'DE00001'),
('13523', 'DE00001'),
('13524', 'DE00001'),
('13525', 'DE00001'),
('13526', 'DE00001'),
('13527', 'DE00001'),
('13528', 'DE00001'),
('13529', 'DE00001'),
('13530', 'DE00001'),
('13531', 'DE00001'),
('13532', 'DE00001'),
('13533', 'DE00001'),
('13534', 'DE00001'),
('13535', 'DE00001'),
('13536', 'DE00001'),
('13537', 'DE00001'),
('13538', 'DE00001'),
('13539', 'DE00001'),
('13540', 'DE00001'),
('13541', 'DE00001'),
('13542', 'DE00001'),
('13543', 'DE00001'),
('13544', 'DE00001'),
('13545', 'DE00001'),
('13546', 'DE00001'),
('13547', 'DE00001'),
('13548', 'DE00001'),
('13549', 'DE00001'),
('13550', 'DE00001'),
('13551', 'DE00001'),
('13552', 'DE00001'),
('13553', 'DE00001'),
('13554', 'DE00001'),
('13555', 'DE00001'),
('13556', 'DE00001'),
('13557', 'DE00001'),
('13558', 'DE00001'),
('13559', 'DE00001'),
('13560', 'DE00001'),
('13561', 'DE00001'),
('13562', 'DE00001'),
('13563', 'DE00001'),
('13564', 'DE00001'),
('13565', 'DE00001'),
('13566', 'DE00001'),
('13567', 'DE00001'),
('13568', 'DE00001'),
('13569', 'DE00001'),
('13570', 'DE00001'),
('13571', 'DE00001'),
('13572', 'DE00001'),
('13573', 'DE00001'),
('13574', 'DE00001'),
('13575', 'DE00001'),
('13576', 'DE00001'),
('13577', 'DE00001'),
('13578', 'DE00001'),
('13579', 'DE00001'),
('13580', 'DE00001'),
('13581', 'DE00001'),
('13582', 'DE00001'),
('13583', 'DE00001'),
('13584', 'DE00001'),
('13585', 'DE00001'),
('13586', 'DE00001'),
('13587', 'DE00001'),
('13588', 'DE00001'),
('13589', 'DE00001'),
('13590', 'DE00001'),
('13591', 'DE00001'),
('13592', 'DE00001'),
('13593', 'DE00001'),
('13594', 'DE00001'),
('13595', 'DE00001'),
('13596', 'DE00001'),
('13597', 'DE00001'),
('13598', 'DE00001'),
('13599', 'DE00001'),
('13600', 'DE00001'),
('13601', 'DE00001'),
('13602', 'DE00001'),
('13603', 'DE00001'),
('13604', 'DE00001'),
('13605', 'DE00001'),
('13606', 'DE00001'),
('13607', 'DE00001'),
('13608', 'DE00001'),
('13609', 'DE00001'),
('13610', 'DE00001'),
('13611', 'DE00001'),
('13612', 'DE00001'),
('13613', 'DE00001'),
('13614', 'DE00001'),
('13615', 'DE00001'),
('13616', 'DE00001'),
('13617', 'DE00001'),
('13618', 'DE00001'),
('13619', 'DE00001'),
('13620', 'DE00001'),
('13621', 'DE00001'),
('13622', 'DE00001'),
('13623', 'DE00001'),
('13624', 'DE00001'),
('13625', 'DE00001'),
('13626', 'DE00001'),
('13627', 'DE00001'),
('13628', 'DE00001'),
('13629', 'DE00001'),
('13630', 'DE00001'),
('13631', 'DE00001'),
('13632', 'DE00001'),
('13633', 'DE00001'),
('13634', 'DE00001'),
('13635', 'DE00001'),
('13636', 'DE00001'),
('13637', 'DE00001'),
('13638', 'DE00001'),
('13639', 'DE00001'),
('13640', 'DE00001'),
('13641', 'DE00001'),
('13642', 'DE00001'),
('13643', 'DE00001'),
('13644', 'DE00001'),
('13645', 'DE00001'),
('13646', 'DE00001'),
('13647', 'DE00001'),
('13648', 'DE00001'),
('13649', 'DE00001'),
('13650', 'DE00001'),
('13651', 'DE00001'),
('13652', 'DE00001'),
('13653', 'DE00001'),
('13654', 'DE00001'),
('13655', 'DE00001'),
('13656', 'DE00001'),
('13657', 'DE00001'),
('13658', 'DE00001'),
('13659', 'DE00001'),
('13660', 'DE00001'),
('13661', 'DE00001'),
('13662', 'DE00001'),
('13663', 'DE00001'),
('13664', 'DE00001'),
('13665', 'DE00001'),
('13666', 'DE00001'),
('13667', 'DE00001'),
('13668', 'DE00001'),
('13669', 'DE00001'),
('13670', 'DE00001'),
('13671', 'DE00001'),
('13672', 'DE00001'),
('13673', 'DE00001'),
('13674', 'DE00001'),
('13675', 'DE00001'),
('13676', 'DE00001'),
('13677', 'DE00001'),
('13678', 'DE00001'),
('13679', 'DE00001'),
('13680', 'DE00001'),
('13681', 'DE00001'),
('13682', 'DE00001'),
('13683', 'DE00001'),
('13684', 'DE00001'),
('13685', 'DE00001'),
('13686', 'DE00001'),
('13687', 'DE00001'),
('13688', 'DE00001'),
('13689', 'DE00001'),
('13690', 'DE00001'),
('13691', 'DE00001'),
('13692', 'DE00001'),
('13693', 'DE00001'),
('13694', 'DE00001'),
('13695', 'DE00001'),
('13696', 'DE00001'),
('13697', 'DE00001'),
('13698', 'DE00001'),
('13699', 'DE00001'),
('13700', 'DE00001'),
('13701', 'DE00001'),
('13702', 'DE00001'),
('13703', 'DE00001'),
('13704', 'DE00001'),
('13705', 'DE00001'),
('13706', 'DE00001'),
('13707', 'DE00001'),
('13708', 'DE00001'),
('13709', 'DE00001'),
('13710', 'DE00001'),
('13711', 'DE00001'),
('13712', 'DE00001'),
('13713', 'DE00001'),
('13714', 'DE00001'),
('13715', 'DE00001'),
('13716', 'DE00001'),
('13717', 'DE00001'),
('13718', 'DE00001'),
('13719', 'DE00001'),
('13720', 'DE00001'),
('13721', 'DE00001'),
('13722', 'DE00001'),
('13723', 'DE00001'),
('13724', 'DE00001'),
('13725', 'DE00001'),
('13726', 'DE00001'),
('13727', 'DE00001'),
('13728', 'DE00001'),
('13729', 'DE00001'),
('13730', 'DE00001'),
('13731', 'DE00001'),
('13732', 'DE00001'),
('13733', 'DE00001'),
('13734', 'DE00001'),
('13735', 'DE00001'),
('13736', 'DE00001'),
('13737', 'DE00001'),
('13738', 'DE00001'),
('13739', 'DE00001'),
('13740', 'DE00001'),
('13741', 'DE00001'),
('13742', 'DE00001'),
('13743', 'DE00001'),
('13744', 'DE00001'),
('13745', 'DE00001'),
('13746', 'DE00001'),
('13747', 'DE00001'),
('13748', 'DE00001'),
('13749', 'DE00001'),
('13750', 'DE00001'),
('13751', 'DE00001'),
('13752', 'DE00001'),
('13753', 'DE00001'),
('13754', 'DE00001'),
('13755', 'DE00001'),
('13756', 'DE00001'),
('13757', 'DE00001'),
('13758', 'DE00001'),
('13759', 'DE00001'),
('13760', 'DE00001'),
('13761', 'DE00001'),
('13762', 'DE00001'),
('13763', 'DE00001'),
('13764', 'DE00001'),
('13765', 'DE00001'),
('13766', 'DE00001'),
('13767', 'DE00001'),
('13768', 'DE00001'),
('13769', 'DE00001'),
('13770', 'DE00001'),
('13771', 'DE00001'),
('13772', 'DE00001'),
('13773', 'DE00001'),
('13774', 'DE00001'),
('13775', 'DE00001'),
('13776', 'DE00001'),
('13777', 'DE00001'),
('13778', 'DE00001'),
('13779', 'DE00001'),
('13780', 'DE00001'),
('13781', 'DE00001'),
('13782', 'DE00001'),
('13783', 'DE00001'),
('13784', 'DE00001'),
('13785', 'DE00001'),
('13786', 'DE00001'),
('13787', 'DE00001'),
('13788', 'DE00001'),
('13789', 'DE00001'),
('13790', 'DE00001'),
('13791', 'DE00001'),
('13792', 'DE00001'),
('13793', 'DE00001'),
('13794', 'DE00001'),
('13795', 'DE00001'),
('13796', 'DE00001'),
('13797', 'DE00001'),
('13798', 'DE00001'),
('13799', 'DE00001'),
('13800', 'DE00001'),
('13801', 'DE00001'),
('13802', 'DE00001'),
('13803', 'DE00001'),
('13804', 'DE00001'),
('13805', 'DE00001'),
('13806', 'DE00001'),
('13807', 'DE00001'),
('13808', 'DE00001'),
('13809', 'DE00001'),
('13810', 'DE00001'),
('13811', 'DE00001'),
('13812', 'DE00001'),
('13813', 'DE00001'),
('13814', 'DE00001'),
('13815', 'DE00001'),
('13816', 'DE00001'),
('13817', 'DE00001'),
('13818', 'DE00001'),
('13819', 'DE00001'),
('13820', 'DE00001'),
('13821', 'DE00001'),
('13822', 'DE00001'),
('13823', 'DE00001'),
('13824', 'DE00001'),
('13825', 'DE00001'),
('13826', 'DE00001'),
('13827', 'DE00001'),
('13828', 'DE00001'),
('13829', 'DE00001'),
('13830', 'DE00001'),
('13831', 'DE00001'),
('13832', 'DE00001'),
('13833', 'DE00001'),
('13834', 'DE00001'),
('13835', 'DE00001'),
('13836', 'DE00001'),
('13837', 'DE00001'),
('13838', 'DE00001'),
('13839', 'DE00001'),
('13840', 'DE00001'),
('13841', 'DE00001'),
('13842', 'DE00001'),
('13843', 'DE00001'),
('13844', 'DE00001'),
('13845', 'DE00001'),
('13846', 'DE00001'),
('13847', 'DE00001'),
('13848', 'DE00001'),
('13849', 'DE00001'),
('13850', 'DE00001'),
('13851', 'DE00001'),
('13852', 'DE00001'),
('13853', 'DE00001'),
('13854', 'DE00001'),
('13855', 'DE00001'),
('13856', 'DE00001'),
('13857', 'DE00001'),
('13858', 'DE00001'),
('13859', 'DE00001'),
('13860', 'DE00001'),
('13861', 'DE00001'),
('13862', 'DE00001'),
('13863', 'DE00001'),
('13864', 'DE00001'),
('13865', 'DE00001'),
('13866', 'DE00001'),
('13867', 'DE00001'),
('13868', 'DE00001'),
('13869', 'DE00001'),
('13870', 'DE00001'),
('13871', 'DE00001'),
('13872', 'DE00001'),
('13873', 'DE00001'),
('13874', 'DE00001'),
('13875', 'DE00001'),
('13876', 'DE00001'),
('13877', 'DE00001'),
('13878', 'DE00001'),
('13879', 'DE00001'),
('13880', 'DE00001'),
('13881', 'DE00001'),
('13882', 'DE00001'),
('13883', 'DE00001'),
('13884', 'DE00001'),
('13885', 'DE00001'),
('13886', 'DE00001'),
('13887', 'DE00001'),
('13888', 'DE00001'),
('13889', 'DE00001'),
('13890', 'DE00001'),
('13891', 'DE00001'),
('13892', 'DE00001'),
('13893', 'DE00001'),
('13894', 'DE00001'),
('13895', 'DE00001'),
('13896', 'DE00001'),
('13897', 'DE00001'),
('13898', 'DE00001'),
('13899', 'DE00001'),
('13900', 'DE00001'),
('13901', 'DE00001'),
('13902', 'DE00001'),
('13903', 'DE00001'),
('13904', 'DE00001'),
('13905', 'DE00001'),
('13906', 'DE00001'),
('13907', 'DE00001'),
('13908', 'DE00001'),
('13909', 'DE00001'),
('13910', 'DE00001'),
('13911', 'DE00001'),
('13912', 'DE00001'),
('13913', 'DE00001'),
('13914', 'DE00001'),
('13915', 'DE00001'),
('13916', 'DE00001'),
('13917', 'DE00001'),
('13918', 'DE00001'),
('13919', 'DE00001'),
('13920', 'DE00001'),
('13921', 'DE00001'),
('13922', 'DE00001'),
('13923', 'DE00001'),
('13924', 'DE00001'),
('13925', 'DE00001'),
('13926', 'DE00001'),
('13927', 'DE00001'),
('13928', 'DE00001'),
('13929', 'DE00001'),
('13930', 'DE00001'),
('13931', 'DE00001'),
('13932', 'DE00001'),
('13933', 'DE00001'),
('13934', 'DE00001'),
('13935', 'DE00001'),
('13936', 'DE00001'),
('13937', 'DE00001'),
('13938', 'DE00001'),
('13939', 'DE00001'),
('13940', 'DE00001'),
('13941', 'DE00001'),
('13942', 'DE00001'),
('13943', 'DE00001'),
('13944', 'DE00001'),
('13945', 'DE00001'),
('13946', 'DE00001'),
('13947', 'DE00001'),
('13948', 'DE00001'),
('13949', 'DE00001'),
('13950', 'DE00001'),
('13951', 'DE00001'),
('13952', 'DE00001'),
('13953', 'DE00001'),
('13954', 'DE00001'),
('13955', 'DE00001'),
('13956', 'DE00001'),
('13957', 'DE00001'),
('13958', 'DE00001'),
('13959', 'DE00001'),
('13960', 'DE00001'),
('13961', 'DE00001'),
('13962', 'DE00001'),
('13963', 'DE00001'),
('13964', 'DE00001'),
('13965', 'DE00001'),
('13966', 'DE00001'),
('13967', 'DE00001'),
('13968', 'DE00001'),
('13969', 'DE00001'),
('13970', 'DE00001'),
('13971', 'DE00001'),
('13972', 'DE00001'),
('13973', 'DE00001'),
('13974', 'DE00001'),
('13975', 'DE00001'),
('13976', 'DE00001'),
('13977', 'DE00001'),
('13978', 'DE00001'),
('13979', 'DE00001'),
('13980', 'DE00001'),
('13981', 'DE00001'),
('13982', 'DE00001'),
('13983', 'DE00001'),
('13984', 'DE00001'),
('13985', 'DE00001'),
('13986', 'DE00001'),
('13987', 'DE00001'),
('13988', 'DE00001'),
('13989', 'DE00001'),
('13990', 'DE00001'),
('13991', 'DE00001'),
('13992', 'DE00001'),
('13993', 'DE00001'),
('13994', 'DE00001'),
('13995', 'DE00001'),
('13996', 'DE00001'),
('13997', 'DE00001'),
('13998', 'DE00001'),
('13999', 'DE00001'),
('14000', 'DE00001'),
('14001', 'DE00001'),
('14002', 'DE00001'),
('14003', 'DE00001'),
('14004', 'DE00001'),
('14005', 'DE00001'),
('14006', 'DE00001'),
('14007', 'DE00001'),
('14008', 'DE00001'),
('14009', 'DE00001'),
('14010', 'DE00001'),
('14011', 'DE00001'),
('14012', 'DE00001'),
('14013', 'DE00001'),
('14014', 'DE00001'),
('14015', 'DE00001'),
('14016', 'DE00001'),
('14017', 'DE00001'),
('14018', 'DE00001'),
('14019', 'DE00001'),
('14020', 'DE00001'),
('14021', 'DE00001'),
('14022', 'DE00001'),
('14023', 'DE00001'),
('14024', 'DE00001'),
('14025', 'DE00001'),
('14026', 'DE00001'),
('14027', 'DE00001'),
('14028', 'DE00001'),
('14029', 'DE00001'),
('14030', 'DE00001'),
('14031', 'DE00001'),
('14032', 'DE00001'),
('14033', 'DE00001'),
('14034', 'DE00001'),
('14035', 'DE00001'),
('14036', 'DE00001'),
('14037', 'DE00001'),
('14038', 'DE00001'),
('14039', 'DE00001'),
('14040', 'DE00001'),
('14041', 'DE00001'),
('14042', 'DE00001'),
('14043', 'DE00001'),
('14044', 'DE00001'),
('14045', 'DE00001'),
('14046', 'DE00001'),
('14047', 'DE00001'),
('14048', 'DE00001'),
('14049', 'DE00001'),
('14050', 'DE00001'),
('14051', 'DE00001'),
('14052', 'DE00001'),
('14053', 'DE00001'),
('14054', 'DE00001'),
('14055', 'DE00001'),
('14056', 'DE00001'),
('14057', 'DE00001'),
('14058', 'DE00001'),
('14059', 'DE00001'),
('14060', 'DE00001'),
('14061', 'DE00001'),
('14062', 'DE00001'),
('14063', 'DE00001'),
('14064', 'DE00001'),
('14065', 'DE00001'),
('14066', 'DE00001'),
('14067', 'DE00001'),
('14068', 'DE00001'),
('14069', 'DE00001'),
('14070', 'DE00001'),
('14071', 'DE00001'),
('14072', 'DE00001'),
('14073', 'DE00001'),
('14074', 'DE00001'),
('14075', 'DE00001'),
('14076', 'DE00001'),
('14077', 'DE00001'),
('14078', 'DE00001'),
('14079', 'DE00001'),
('14080', 'DE00001'),
('14081', 'DE00001'),
('14082', 'DE00001'),
('14083', 'DE00001'),
('14084', 'DE00001'),
('14085', 'DE00001'),
('14086', 'DE00001'),
('14087', 'DE00001'),
('14088', 'DE00001'),
('14089', 'DE00001'),
('14090', 'DE00001'),
('14091', 'DE00001'),
('14092', 'DE00001'),
('14093', 'DE00001'),
('14094', 'DE00001'),
('14095', 'DE00001'),
('14096', 'DE00001'),
('14097', 'DE00001'),
('14098', 'DE00001'),
('14099', 'DE00001'),
('14100', 'DE00001'),
('14101', 'DE00001'),
('14102', 'DE00001'),
('14103', 'DE00001'),
('14104', 'DE00001'),
('14105', 'DE00001'),
('14106', 'DE00001'),
('14107', 'DE00001'),
('14108', 'DE00001'),
('14109', 'DE00001'),
('14110', 'DE00001'),
('14111', 'DE00001'),
('14112', 'DE00001'),
('14113', 'DE00001'),
('14114', 'DE00001'),
('14115', 'DE00001'),
('14116', 'DE00001'),
('14117', 'DE00001'),
('14118', 'DE00001'),
('14119', 'DE00001'),
('14120', 'DE00001'),
('14121', 'DE00001'),
('14122', 'DE00001'),
('14123', 'DE00001'),
('14124', 'DE00001'),
('14125', 'DE00001'),
('14126', 'DE00001'),
('14127', 'DE00001'),
('14128', 'DE00001'),
('14129', 'DE00001'),
('14130', 'DE00001'),
('14131', 'DE00001'),
('14132', 'DE00001'),
('14133', 'DE00001'),
('14134', 'DE00001'),
('14135', 'DE00001'),
('14136', 'DE00001'),
('14137', 'DE00001'),
('14138', 'DE00001'),
('14139', 'DE00001'),
('14140', 'DE00001'),
('14141', 'DE00001'),
('14142', 'DE00001'),
('14143', 'DE00001'),
('14144', 'DE00001'),
('14145', 'DE00001'),
('14146', 'DE00001'),
('14147', 'DE00001'),
('14148', 'DE00001'),
('14149', 'DE00001'),
('14150', 'DE00001'),
('14151', 'DE00001'),
('14152', 'DE00001'),
('14153', 'DE00001'),
('14154', 'DE00001'),
('14155', 'DE00001'),
('14156', 'DE00001'),
('14157', 'DE00001'),
('14158', 'DE00001'),
('14159', 'DE00001'),
('14160', 'DE00001'),
('14161', 'DE00001'),
('14162', 'DE00001'),
('14163', 'DE00001'),
('14164', 'DE00001'),
('14165', 'DE00001'),
('14166', 'DE00001'),
('14167', 'DE00001'),
('14168', 'DE00001'),
('14169', 'DE00001'),
('14170', 'DE00001'),
('14171', 'DE00001'),
('14172', 'DE00001'),
('14173', 'DE00001'),
('14174', 'DE00001'),
('14175', 'DE00001'),
('14176', 'DE00001'),
('14177', 'DE00001'),
('14178', 'DE00001'),
('14179', 'DE00001'),
('14180', 'DE00001'),
('14181', 'DE00001'),
('14182', 'DE00001'),
('14183', 'DE00001'),
('14184', 'DE00001'),
('14185', 'DE00001'),
('14186', 'DE00001'),
('14187', 'DE00001'),
('14188', 'DE00001'),
('14189', 'DE00001'),
('14190', 'DE00001'),
('14191', 'DE00001'),
('14192', 'DE00001'),
('14193', 'DE00001'),
('14194', 'DE00001'),
('14195', 'DE00001'),
('14196', 'DE00001'),
('14197', 'DE00001'),
('14198', 'DE00001'),
('14199', 'DE00001'),
('80331', 'DE00001'),
('80332', 'DE00001'),
('80333', 'DE00001'),
('80334', 'DE00001'),
('80335', 'DE00001'),
('80336', 'DE00001'),
('80337', 'DE00001'),
('80338', 'DE00001'),
('80339', 'DE00001'),
('80340', 'DE00001'),
('80341', 'DE00001'),
('80342', 'DE00001'),
('80343', 'DE00001'),
('80344', 'DE00001'),
('80345', 'DE00001'),
('80346', 'DE00001'),
('80347', 'DE00001'),
('80348', 'DE00001'),
('80349', 'DE00001'),
('80350', 'DE00001'),
('80351', 'DE00001'),
('80352', 'DE00001'),
('80353', 'DE00001'),
('80354', 'DE00001'),
('80355', 'DE00001'),
('80356', 'DE00001'),
('80357', 'DE00001'),
('80358', 'DE00001'),
('80359', 'DE00001'),
('80360', 'DE00001'),
('80361', 'DE00001'),
('80362', 'DE00001'),
('80363', 'DE00001'),
('80364', 'DE00001'),
('80365', 'DE00001'),
('80366', 'DE00001'),
('80367', 'DE00001'),
('80368', 'DE00001'),
('80369', 'DE00001'),
('80370', 'DE00001'),
('80371', 'DE00001'),
('80372', 'DE00001'),
('80373', 'DE00001'),
('80374', 'DE00001'),
('80375', 'DE00001'),
('80376', 'DE00001'),
('80377', 'DE00001'),
('80378', 'DE00001'),
('80379', 'DE00001'),
('80380', 'DE00001'),
('80381', 'DE00001'),
('80382', 'DE00001'),
('80383', 'DE00001'),
('80384', 'DE00001'),
('80385', 'DE00001'),
('80386', 'DE00001'),
('80387', 'DE00001'),
('80388', 'DE00001'),
('80389', 'DE00001'),
('80390', 'DE00001'),
('80391', 'DE00001'),
('80392', 'DE00001'),
('80393', 'DE00001'),
('80394', 'DE00001'),
('80395', 'DE00001'),
('80396', 'DE00001'),
('80397', 'DE00001'),
('80398', 'DE00001'),
('80399', 'DE00001'),
('80400', 'DE00001'),
('80401', 'DE00001'),
('80402', 'DE00001'),
('80403', 'DE00001'),
('80404', 'DE00001'),
('80405', 'DE00001'),
('80406', 'DE00001'),
('80407', 'DE00001'),
('80408', 'DE00001'),
('80409', 'DE00001'),
('80410', 'DE00001'),
('80411', 'DE00001'),
('80412', 'DE00001'),
('80413', 'DE00001'),
('80414', 'DE00001'),
('80415', 'DE00001'),
('80416', 'DE00001'),
('80417', 'DE00001'),
('80418', 'DE00001'),
('80419', 'DE00001'),
('80420', 'DE00001'),
('80421', 'DE00001'),
('80422', 'DE00001'),
('80423', 'DE00001'),
('80424', 'DE00001'),
('80425', 'DE00001'),
('80426', 'DE00001'),
('80427', 'DE00001'),
('80428', 'DE00001'),
('80429', 'DE00001'),
('80430', 'DE00001'),
('80431', 'DE00001'),
('80432', 'DE00001'),
('80433', 'DE00001'),
('80434', 'DE00001'),
('80435', 'DE00001'),
('80436', 'DE00001'),
('80437', 'DE00001'),
('80438', 'DE00001'),
('80439', 'DE00001'),
('80440', 'DE00001'),
('80441', 'DE00001'),
('80442', 'DE00001'),
('80443', 'DE00001'),
('80444', 'DE00001'),
('80445', 'DE00001'),
('80446', 'DE00001'),
('80447', 'DE00001'),
('80448', 'DE00001'),
('80449', 'DE00001'),
('80450', 'DE00001'),
('80451', 'DE00001'),
('80452', 'DE00001'),
('80453', 'DE00001'),
('80454', 'DE00001'),
('80455', 'DE00001'),
('80456', 'DE00001'),
('80457', 'DE00001'),
('80458', 'DE00001'),
('80459', 'DE00001'),
('80460', 'DE00001'),
('80461', 'DE00001'),
('80462', 'DE00001'),
('80463', 'DE00001'),
('80464', 'DE00001'),
('80465', 'DE00001'),
('80466', 'DE00001'),
('80467', 'DE00001'),
('80468', 'DE00001'),
('80469', 'DE00001'),
('80470', 'DE00001'),
('80471', 'DE00001'),
('80472', 'DE00001'),
('80473', 'DE00001'),
('80474', 'DE00001'),
('80475', 'DE00001'),
('80476', 'DE00001'),
('80477', 'DE00001'),
('80478', 'DE00001'),
('80479', 'DE00001'),
('80480', 'DE00001'),
('80481', 'DE00001'),
('80482', 'DE00001'),
('80483', 'DE00001'),
('80484', 'DE00001'),
('80485', 'DE00001'),
('80486', 'DE00001'),
('80487', 'DE00001'),
('80488', 'DE00001'),
('80489', 'DE00001'),
('80490', 'DE00001'),
('80491', 'DE00001'),
('80492', 'DE00001'),
('80493', 'DE00001'),
('80494', 'DE00001'),
('80495', 'DE00001'),
('80496', 'DE00001'),
('80497', 'DE00001'),
('80498', 'DE00001'),
('80499', 'DE00001'),
('80500', 'DE00001'),
('80501', 'DE00001'),
('80502', 'DE00001'),
('80503', 'DE00001'),
('80504', 'DE00001'),
('80505', 'DE00001'),
('80506', 'DE00001'),
('80507', 'DE00001'),
('80508', 'DE00001'),
('80509', 'DE00001'),
('80510', 'DE00001'),
('80511', 'DE00001'),
('80512', 'DE00001'),
('80513', 'DE00001'),
('80514', 'DE00001'),
('80515', 'DE00001'),
('80516', 'DE00001'),
('80517', 'DE00001'),
('80518', 'DE00001'),
('80519', 'DE00001'),
('80520', 'DE00001'),
('80521', 'DE00001'),
('80522', 'DE00001'),
('80523', 'DE00001'),
('80524', 'DE00001'),
('80525', 'DE00001'),
('80526', 'DE00001'),
('80527', 'DE00001'),
('80528', 'DE00001'),
('80529', 'DE00001'),
('80530', 'DE00001'),
('80531', 'DE00001'),
('80532', 'DE00001'),
('80533', 'DE00001'),
('80534', 'DE00001'),
('80535', 'DE00001'),
('80536', 'DE00001'),
('80537', 'DE00001'),
('80538', 'DE00001'),
('80539', 'DE00001'),
('80540', 'DE00001'),
('80541', 'DE00001'),
('80542', 'DE00001'),
('80543', 'DE00001'),
('80544', 'DE00001'),
('80545', 'DE00001'),
('80546', 'DE00001'),
('80547', 'DE00001'),
('80548', 'DE00001'),
('80549', 'DE00001'),
('80550', 'DE00001'),
('80551', 'DE00001'),
('80552', 'DE00001'),
('80553', 'DE00001'),
('80554', 'DE00001'),
('80555', 'DE00001'),
('80556', 'DE00001'),
('80557', 'DE00001'),
('80558', 'DE00001'),
('80559', 'DE00001'),
('80560', 'DE00001'),
('80561', 'DE00001'),
('80562', 'DE00001'),
('80563', 'DE00001'),
('80564', 'DE00001'),
('80565', 'DE00001'),
('80566', 'DE00001'),
('80567', 'DE00001'),
('80568', 'DE00001'),
('80569', 'DE00001'),
('80570', 'DE00001'),
('80571', 'DE00001'),
('80572', 'DE00001'),
('80573', 'DE00001'),
('80574', 'DE00001'),
('80575', 'DE00001'),
('80576', 'DE00001'),
('80577', 'DE00001'),
('80578', 'DE00001'),
('80579', 'DE00001'),
('80580', 'DE00001'),
('80581', 'DE00001'),
('80582', 'DE00001'),
('80583', 'DE00001'),
('80584', 'DE00001'),
('80585', 'DE00001'),
('80586', 'DE00001'),
('80587', 'DE00001'),
('80588', 'DE00001'),
('80589', 'DE00001'),
('80590', 'DE00001'),
('80591', 'DE00001'),
('80592', 'DE00001'),
('80593', 'DE00001'),
('80594', 'DE00001'),
('80595', 'DE00001'),
('80596', 'DE00001'),
('80597', 'DE00001'),
('80598', 'DE00001'),
('80599', 'DE00001'),
('80600', 'DE00001'),
('80601', 'DE00001'),
('80602', 'DE00001'),
('80603', 'DE00001'),
('80604', 'DE00001'),
('80605', 'DE00001'),
('80606', 'DE00001'),
('80607', 'DE00001'),
('80608', 'DE00001'),
('80609', 'DE00001'),
('80610', 'DE00001'),
('80611', 'DE00001'),
('80612', 'DE00001'),
('80613', 'DE00001'),
('80614', 'DE00001'),
('80615', 'DE00001'),
('80616', 'DE00001'),
('80617', 'DE00001'),
('80618', 'DE00001'),
('80619', 'DE00001'),
('80620', 'DE00001'),
('80621', 'DE00001'),
('80622', 'DE00001'),
('80623', 'DE00001'),
('80624', 'DE00001'),
('80625', 'DE00001'),
('80626', 'DE00001'),
('80627', 'DE00001'),
('80628', 'DE00001'),
('80629', 'DE00001'),
('80630', 'DE00001'),
('80631', 'DE00001'),
('80632', 'DE00001'),
('80633', 'DE00001'),
('80634', 'DE00001'),
('80635', 'DE00001'),
('80636', 'DE00001'),
('80637', 'DE00001'),
('80638', 'DE00001'),
('80639', 'DE00001'),
('80640', 'DE00001'),
('80641', 'DE00001'),
('80642', 'DE00001'),
('80643', 'DE00001'),
('80644', 'DE00001'),
('80645', 'DE00001'),
('80646', 'DE00001'),
('80647', 'DE00001'),
('80648', 'DE00001'),
('80649', 'DE00001'),
('80650', 'DE00001'),
('80651', 'DE00001'),
('80652', 'DE00001'),
('80653', 'DE00001'),
('80654', 'DE00001'),
('80655', 'DE00001'),
('80656', 'DE00001'),
('80657', 'DE00001'),
('80658', 'DE00001'),
('80659', 'DE00001'),
('80660', 'DE00001'),
('80661', 'DE00001'),
('80662', 'DE00001'),
('80663', 'DE00001'),
('80664', 'DE00001'),
('80665', 'DE00001'),
('80666', 'DE00001'),
('80667', 'DE00001'),
('80668', 'DE00001'),
('80669', 'DE00001'),
('80670', 'DE00001'),
('80671', 'DE00001'),
('80672', 'DE00001'),
('80673', 'DE00001'),
('80674', 'DE00001'),
('80675', 'DE00001'),
('80676', 'DE00001'),
('80677', 'DE00001'),
('80678', 'DE00001'),
('80679', 'DE00001'),
('80680', 'DE00001'),
('80681', 'DE00001'),
('80682', 'DE00001'),
('80683', 'DE00001'),
('80684', 'DE00001'),
('80685', 'DE00001'),
('80686', 'DE00001'),
('80687', 'DE00001'),
('80688', 'DE00001'),
('80689', 'DE00001'),
('80690', 'DE00001'),
('80691', 'DE00001'),
('80692', 'DE00001'),
('80693', 'DE00001'),
('80694', 'DE00001'),
('80695', 'DE00001'),
('80696', 'DE00001'),
('80697', 'DE00001'),
('80698', 'DE00001'),
('80699', 'DE00001'),
('80700', 'DE00001'),
('80701', 'DE00001'),
('80702', 'DE00001'),
('80703', 'DE00001'),
('80704', 'DE00001'),
('80705', 'DE00001'),
('80706', 'DE00001'),
('80707', 'DE00001'),
('80708', 'DE00001'),
('80709', 'DE00001'),
('80710', 'DE00001'),
('80711', 'DE00001'),
('80712', 'DE00001'),
('80713', 'DE00001'),
('80714', 'DE00001'),
('80715', 'DE00001'),
('80716', 'DE00001'),
('80717', 'DE00001'),
('80718', 'DE00001'),
('80719', 'DE00001'),
('80720', 'DE00001'),
('80721', 'DE00001'),
('80722', 'DE00001'),
('80723', 'DE00001'),
('80724', 'DE00001'),
('80725', 'DE00001'),
('80726', 'DE00001'),
('80727', 'DE00001'),
('80728', 'DE00001'),
('80729', 'DE00001'),
('80730', 'DE00001'),
('80731', 'DE00001'),
('80732', 'DE00001'),
('80733', 'DE00001'),
('80734', 'DE00001'),
('80735', 'DE00001'),
('80736', 'DE00001'),
('80737', 'DE00001'),
('80738', 'DE00001'),
('80739', 'DE00001'),
('80740', 'DE00001'),
('80741', 'DE00001'),
('80742', 'DE00001'),
('80743', 'DE00001'),
('80744', 'DE00001'),
('80745', 'DE00001'),
('80746', 'DE00001'),
('80747', 'DE00001'),
('80748', 'DE00001'),
('80749', 'DE00001'),
('80750', 'DE00001'),
('80751', 'DE00001'),
('80752', 'DE00001'),
('80753', 'DE00001'),
('80754', 'DE00001'),
('80755', 'DE00001'),
('80756', 'DE00001'),
('80757', 'DE00001'),
('80758', 'DE00001'),
('80759', 'DE00001'),
('80760', 'DE00001'),
('80761', 'DE00001'),
('80762', 'DE00001'),
('80763', 'DE00001'),
('80764', 'DE00001'),
('80765', 'DE00001'),
('80766', 'DE00001'),
('80767', 'DE00001'),
('80768', 'DE00001'),
('80769', 'DE00001'),
('80770', 'DE00001'),
('80771', 'DE00001'),
('80772', 'DE00001'),
('80773', 'DE00001'),
('80774', 'DE00001'),
('80775', 'DE00001'),
('80776', 'DE00001'),
('80777', 'DE00001'),
('80778', 'DE00001'),
('80779', 'DE00001'),
('80780', 'DE00001'),
('80781', 'DE00001'),
('80782', 'DE00001'),
('80783', 'DE00001'),
('80784', 'DE00001'),
('80785', 'DE00001'),
('80786', 'DE00001'),
('80787', 'DE00001'),
('80788', 'DE00001'),
('80789', 'DE00001'),
('80790', 'DE00001'),
('80791', 'DE00001'),
('80792', 'DE00001'),
('80793', 'DE00001'),
('80794', 'DE00001'),
('80795', 'DE00001'),
('80796', 'DE00001'),
('80797', 'DE00001'),
('80798', 'DE00001'),
('80799', 'DE00001'),
('80800', 'DE00001'),
('80801', 'DE00001'),
('80802', 'DE00001'),
('80803', 'DE00001'),
('80804', 'DE00001'),
('80805', 'DE00001'),
('80806', 'DE00001'),
('80807', 'DE00001'),
('80808', 'DE00001'),
('80809', 'DE00001'),
('80810', 'DE00001'),
('80811', 'DE00001'),
('80812', 'DE00001'),
('80813', 'DE00001'),
('80814', 'DE00001'),
('80815', 'DE00001'),
('80816', 'DE00001'),
('80817', 'DE00001'),
('80818', 'DE00001'),
('80819', 'DE00001'),
('80820', 'DE00001'),
('80821', 'DE00001'),
('80822', 'DE00001'),
('80823', 'DE00001'),
('80824', 'DE00001'),
('80825', 'DE00001'),
('80826', 'DE00001'),
('80827', 'DE00001'),
('80828', 'DE00001'),
('80829', 'DE00001'),
('80830', 'DE00001'),
('80831', 'DE00001'),
('80832', 'DE00001'),
('80833', 'DE00001'),
('80834', 'DE00001'),
('80835', 'DE00001'),
('80836', 'DE00001'),
('80837', 'DE00001'),
('80838', 'DE00001'),
('80839', 'DE00001'),
('80840', 'DE00001'),
('80841', 'DE00001'),
('80842', 'DE00001'),
('80843', 'DE00001'),
('80844', 'DE00001'),
('80845', 'DE00001'),
('80846', 'DE00001'),
('80847', 'DE00001'),
('80848', 'DE00001'),
('80849', 'DE00001'),
('80850', 'DE00001'),
('80851', 'DE00001'),
('80852', 'DE00001'),
('80853', 'DE00001'),
('80854', 'DE00001'),
('80855', 'DE00001'),
('80856', 'DE00001'),
('80857', 'DE00001'),
('80858', 'DE00001'),
('80859', 'DE00001'),
('80860', 'DE00001'),
('80861', 'DE00001'),
('80862', 'DE00001'),
('80863', 'DE00001'),
('80864', 'DE00001'),
('80865', 'DE00001'),
('80866', 'DE00001'),
('80867', 'DE00001'),
('80868', 'DE00001'),
('80869', 'DE00001'),
('80870', 'DE00001'),
('80871', 'DE00001'),
('80872', 'DE00001'),
('80873', 'DE00001'),
('80874', 'DE00001'),
('80875', 'DE00001'),
('80876', 'DE00001'),
('80877', 'DE00001'),
('80878', 'DE00001'),
('80879', 'DE00001'),
('80880', 'DE00001'),
('80881', 'DE00001'),
('80882', 'DE00001'),
('80883', 'DE00001'),
('80884', 'DE00001'),
('80885', 'DE00001'),
('80886', 'DE00001'),
('80887', 'DE00001'),
('80888', 'DE00001'),
('80889', 'DE00001'),
('80890', 'DE00001'),
('80891', 'DE00001'),
('80892', 'DE00001'),
('80893', 'DE00001'),
('80894', 'DE00001'),
('80895', 'DE00001'),
('80896', 'DE00001'),
('80897', 'DE00001'),
('80898', 'DE00001'),
('80899', 'DE00001'),
('80900', 'DE00001'),
('80901', 'DE00001'),
('80902', 'DE00001'),
('80903', 'DE00001'),
('80904', 'DE00001'),
('80905', 'DE00001'),
('80906', 'DE00001'),
('80907', 'DE00001'),
('80908', 'DE00001'),
('80909', 'DE00001'),
('80910', 'DE00001'),
('80911', 'DE00001'),
('80912', 'DE00001'),
('80913', 'DE00001'),
('80914', 'DE00001'),
('80915', 'DE00001'),
('80916', 'DE00001'),
('80917', 'DE00001'),
('80918', 'DE00001'),
('80919', 'DE00001'),
('80920', 'DE00001'),
('80921', 'DE00001'),
('80922', 'DE00001'),
('80923', 'DE00001'),
('80924', 'DE00001'),
('80925', 'DE00001'),
('80926', 'DE00001'),
('80927', 'DE00001'),
('80928', 'DE00001'),
('80929', 'DE00001'),
('80930', 'DE00001'),
('80931', 'DE00001'),
('80932', 'DE00001'),
('80933', 'DE00001'),
('80934', 'DE00001'),
('80935', 'DE00001'),
('80936', 'DE00001'),
('80937', 'DE00001'),
('80938', 'DE00001'),
('80939', 'DE00001'),
('80940', 'DE00001'),
('80941', 'DE00001'),
('80942', 'DE00001'),
('80943', 'DE00001'),
('80944', 'DE00001'),
('80945', 'DE00001'),
('80946', 'DE00001'),
('80947', 'DE00001'),
('80948', 'DE00001'),
('80949', 'DE00001'),
('80950', 'DE00001'),
('80951', 'DE00001'),
('80952', 'DE00001'),
('80953', 'DE00001'),
('80954', 'DE00001'),
('80955', 'DE00001'),
('80956', 'DE00001'),
('80957', 'DE00001'),
('80958', 'DE00001'),
('80959', 'DE00001'),
('80960', 'DE00001'),
('80961', 'DE00001'),
('80962', 'DE00001'),
('80963', 'DE00001'),
('80964', 'DE00001'),
('80965', 'DE00001'),
('80966', 'DE00001'),
('80967', 'DE00001'),
('80968', 'DE00001'),
('80969', 'DE00001'),
('80970', 'DE00001'),
('80971', 'DE00001'),
('80972', 'DE00001'),
('80973', 'DE00001'),
('80974', 'DE00001'),
('80975', 'DE00001'),
('80976', 'DE00001'),
('80977', 'DE00001'),
('80978', 'DE00001'),
('80979', 'DE00001'),
('80980', 'DE00001'),
('80981', 'DE00001'),
('80982', 'DE00001'),
('80983', 'DE00001'),
('80984', 'DE00001'),
('80985', 'DE00001'),
('80986', 'DE00001'),
('80987', 'DE00001'),
('80988', 'DE00001'),
('80989', 'DE00001'),
('80990', 'DE00001'),
('80991', 'DE00001'),
('80992', 'DE00001'),
('80993', 'DE00001'),
('80994', 'DE00001'),
('80995', 'DE00001'),
('80996', 'DE00001'),
('80997', 'DE00001'),
('80998', 'DE00001'),
('80999', 'DE00001'),
('81000', 'DE00001'),
('81001', 'DE00001'),
('81002', 'DE00001'),
('81003', 'DE00001'),
('81004', 'DE00001'),
('81005', 'DE00001'),
('81006', 'DE00001'),
('81007', 'DE00001'),
('81008', 'DE00001'),
('81009', 'DE00001'),
('81010', 'DE00001'),
('81011', 'DE00001'),
('81012', 'DE00001'),
('81013', 'DE00001'),
('81014', 'DE00001'),
('81015', 'DE00001'),
('81016', 'DE00001'),
('81017', 'DE00001'),
('81018', 'DE00001'),
('81019', 'DE00001'),
('81020', 'DE00001'),
('81021', 'DE00001'),
('81022', 'DE00001'),
('81023', 'DE00001'),
('81024', 'DE00001'),
('81025', 'DE00001'),
('81026', 'DE00001'),
('81027', 'DE00001'),
('81028', 'DE00001'),
('81029', 'DE00001'),
('81030', 'DE00001'),
('81031', 'DE00001'),
('81032', 'DE00001'),
('81033', 'DE00001'),
('81034', 'DE00001'),
('81035', 'DE00001'),
('81036', 'DE00001'),
('81037', 'DE00001'),
('81038', 'DE00001'),
('81039', 'DE00001'),
('81040', 'DE00001'),
('81041', 'DE00001'),
('81042', 'DE00001'),
('81043', 'DE00001'),
('81044', 'DE00001'),
('81045', 'DE00001'),
('81046', 'DE00001'),
('81047', 'DE00001'),
('81048', 'DE00001'),
('81049', 'DE00001'),
('81050', 'DE00001'),
('81051', 'DE00001'),
('81052', 'DE00001'),
('81053', 'DE00001'),
('81054', 'DE00001'),
('81055', 'DE00001'),
('81056', 'DE00001'),
('81057', 'DE00001'),
('81058', 'DE00001'),
('81059', 'DE00001'),
('81060', 'DE00001'),
('81061', 'DE00001'),
('81062', 'DE00001'),
('81063', 'DE00001'),
('81064', 'DE00001'),
('81065', 'DE00001'),
('81066', 'DE00001'),
('81067', 'DE00001'),
('81068', 'DE00001'),
('81069', 'DE00001'),
('81070', 'DE00001'),
('81071', 'DE00001'),
('81072', 'DE00001'),
('81073', 'DE00001'),
('81074', 'DE00001'),
('81075', 'DE00001'),
('81076', 'DE00001'),
('81077', 'DE00001'),
('81078', 'DE00001'),
('81079', 'DE00001'),
('81080', 'DE00001'),
('81081', 'DE00001'),
('81082', 'DE00001'),
('81083', 'DE00001'),
('81084', 'DE00001'),
('81085', 'DE00001'),
('81086', 'DE00001'),
('81087', 'DE00001'),
('81088', 'DE00001'),
('81089', 'DE00001'),
('81090', 'DE00001'),
('81091', 'DE00001'),
('81092', 'DE00001'),
('81093', 'DE00001'),
('81094', 'DE00001'),
('81095', 'DE00001'),
('81096', 'DE00001'),
('81097', 'DE00001'),
('81098', 'DE00001'),
('81099', 'DE00001'),
('81100', 'DE00001'),
('81101', 'DE00001'),
('81102', 'DE00001'),
('81103', 'DE00001'),
('81104', 'DE00001'),
('81105', 'DE00001'),
('81106', 'DE00001'),
('81107', 'DE00001'),
('81108', 'DE00001'),
('81109', 'DE00001'),
('81110', 'DE00001'),
('81111', 'DE00001'),
('81112', 'DE00001'),
('81113', 'DE00001'),
('81114', 'DE00001'),
('81115', 'DE00001'),
('81116', 'DE00001'),
('81117', 'DE00001'),
('81118', 'DE00001'),
('81119', 'DE00001'),
('81120', 'DE00001'),
('81121', 'DE00001'),
('81122', 'DE00001'),
('81123', 'DE00001'),
('81124', 'DE00001'),
('81125', 'DE00001'),
('81126', 'DE00001'),
('81127', 'DE00001'),
('81128', 'DE00001'),
('81129', 'DE00001'),
('81130', 'DE00001'),
('81131', 'DE00001'),
('81132', 'DE00001'),
('81133', 'DE00001'),
('81134', 'DE00001'),
('81135', 'DE00001'),
('81136', 'DE00001'),
('81137', 'DE00001'),
('81138', 'DE00001'),
('81139', 'DE00001'),
('81140', 'DE00001'),
('81141', 'DE00001'),
('81142', 'DE00001'),
('81143', 'DE00001'),
('81144', 'DE00001'),
('81145', 'DE00001'),
('81146', 'DE00001'),
('81147', 'DE00001'),
('81148', 'DE00001'),
('81149', 'DE00001'),
('81150', 'DE00001'),
('81151', 'DE00001'),
('81152', 'DE00001'),
('81153', 'DE00001'),
('81154', 'DE00001'),
('81155', 'DE00001'),
('81156', 'DE00001'),
('81157', 'DE00001'),
('81158', 'DE00001'),
('81159', 'DE00001'),
('81160', 'DE00001'),
('81161', 'DE00001'),
('81162', 'DE00001'),
('81163', 'DE00001'),
('81164', 'DE00001'),
('81165', 'DE00001'),
('81166', 'DE00001'),
('81167', 'DE00001'),
('81168', 'DE00001'),
('81169', 'DE00001'),
('81170', 'DE00001'),
('81171', 'DE00001'),
('81172', 'DE00001'),
('81173', 'DE00001'),
('81174', 'DE00001'),
('81175', 'DE00001'),
('81176', 'DE00001'),
('81177', 'DE00001'),
('81178', 'DE00001'),
('81179', 'DE00001'),
('81180', 'DE00001'),
('81181', 'DE00001'),
('81182', 'DE00001'),
('81183', 'DE00001'),
('81184', 'DE00001'),
('81185', 'DE00001'),
('81186', 'DE00001'),
('81187', 'DE00001'),
('81188', 'DE00001'),
('81189', 'DE00001'),
('81190', 'DE00001'),
('81191', 'DE00001'),
('81192', 'DE00001'),
('81193', 'DE00001'),
('81194', 'DE00001'),
('81195', 'DE00001'),
('81196', 'DE00001'),
('81197', 'DE00001'),
('81198', 'DE00001'),
('81199', 'DE00001'),
('81200', 'DE00001'),
('81201', 'DE00001'),
('81202', 'DE00001'),
('81203', 'DE00001'),
('81204', 'DE00001'),
('81205', 'DE00001'),
('81206', 'DE00001'),
('81207', 'DE00001'),
('81208', 'DE00001'),
('81209', 'DE00001'),
('81210', 'DE00001'),
('81211', 'DE00001'),
('81212', 'DE00001'),
('81213', 'DE00001'),
('81214', 'DE00001'),
('81215', 'DE00001'),
('81216', 'DE00001'),
('81217', 'DE00001'),
('81218', 'DE00001'),
('81219', 'DE00001'),
('81220', 'DE00001'),
('81221', 'DE00001'),
('81222', 'DE00001'),
('81223', 'DE00001'),
('81224', 'DE00001'),
('81225', 'DE00001'),
('81226', 'DE00001'),
('81227', 'DE00001'),
('81228', 'DE00001'),
('81229', 'DE00001'),
('81230', 'DE00001'),
('81231', 'DE00001'),
('81232', 'DE00001'),
('81233', 'DE00001'),
('81234', 'DE00001'),
('81235', 'DE00001'),
('81236', 'DE00001'),
('81237', 'DE00001'),
('81238', 'DE00001'),
('81239', 'DE00001'),
('81240', 'DE00001'),
('81241', 'DE00001'),
('81242', 'DE00001'),
('81243', 'DE00001'),
('81244', 'DE00001'),
('81245', 'DE00001'),
('81246', 'DE00001'),
('81247', 'DE00001'),
('81248', 'DE00001'),
('81249', 'DE00001'),
('81250', 'DE00001'),
('81251', 'DE00001'),
('81252', 'DE00001'),
('81253', 'DE00001'),
('81254', 'DE00001'),
('81255', 'DE00001'),
('81256', 'DE00001'),
('81257', 'DE00001'),
('81258', 'DE00001'),
('81259', 'DE00001'),
('81260', 'DE00001'),
('81261', 'DE00001'),
('81262', 'DE00001'),
('81263', 'DE00001'),
('81264', 'DE00001'),
('81265', 'DE00001'),
('81266', 'DE00001'),
('81267', 'DE00001'),
('81268', 'DE00001'),
('81269', 'DE00001'),
('81270', 'DE00001'),
('81271', 'DE00001'),
('81272', 'DE00001'),
('81273', 'DE00001'),
('81274', 'DE00001'),
('81275', 'DE00001'),
('81276', 'DE00001'),
('81277', 'DE00001'),
('81278', 'DE00001'),
('81279', 'DE00001'),
('81280', 'DE00001'),
('81281', 'DE00001'),
('81282', 'DE00001'),
('81283', 'DE00001'),
('81284', 'DE00001'),
('81285', 'DE00001'),
('81286', 'DE00001'),
('81287', 'DE00001'),
('81288', 'DE00001'),
('81289', 'DE00001'),
('81290', 'DE00001'),
('81291', 'DE00001'),
('81292', 'DE00001'),
('81293', 'DE00001'),
('81294', 'DE00001'),
('81295', 'DE00001'),
('81296', 'DE00001'),
('81297', 'DE00001'),
('81298', 'DE00001'),
('81299', 'DE00001'),
('81300', 'DE00001'),
('81301', 'DE00001'),
('81302', 'DE00001'),
('81303', 'DE00001'),
('81304', 'DE00001'),
('81305', 'DE00001'),
('81306', 'DE00001'),
('81307', 'DE00001'),
('81308', 'DE00001'),
('81309', 'DE00001'),
('81310', 'DE00001'),
('81311', 'DE00001'),
('81312', 'DE00001'),
('81313', 'DE00001'),
('81314', 'DE00001'),
('81315', 'DE00001'),
('81316', 'DE00001'),
('81317', 'DE00001'),
('81318', 'DE00001'),
('81319', 'DE00001'),
('81320', 'DE00001'),
('81321', 'DE00001'),
('81322', 'DE00001'),
('81323', 'DE00001'),
('81324', 'DE00001'),
('81325', 'DE00001'),
('81326', 'DE00001'),
('81327', 'DE00001'),
('81328', 'DE00001'),
('81329', 'DE00001'),
('81330', 'DE00001'),
('81331', 'DE00001'),
('81332', 'DE00001'),
('81333', 'DE00001'),
('81334', 'DE00001'),
('81335', 'DE00001'),
('81336', 'DE00001'),
('81337', 'DE00001'),
('81338', 'DE00001'),
('81339', 'DE00001'),
('81340', 'DE00001'),
('81341', 'DE00001'),
('81342', 'DE00001'),
('81343', 'DE00001'),
('81344', 'DE00001'),
('81345', 'DE00001'),
('81346', 'DE00001'),
('81347', 'DE00001'),
('81348', 'DE00001'),
('81349', 'DE00001'),
('81350', 'DE00001'),
('81351', 'DE00001'),
('81352', 'DE00001'),
('81353', 'DE00001'),
('81354', 'DE00001'),
('81355', 'DE00001'),
('81356', 'DE00001'),
('81357', 'DE00001'),
('81358', 'DE00001'),
('81359', 'DE00001'),
('81360', 'DE00001'),
('81361', 'DE00001'),
('81362', 'DE00001'),
('81363', 'DE00001'),
('81364', 'DE00001'),
('81365', 'DE00001'),
('81366', 'DE00001'),
('81367', 'DE00001'),
('81368', 'DE00001'),
('81369', 'DE00001'),
('81370', 'DE00001'),
('81371', 'DE00001'),
('81372', 'DE00001'),
('81373', 'DE00001'),
('81374', 'DE00001'),
('81375', 'DE00001'),
('81376', 'DE00001'),
('81377', 'DE00001'),
('81378', 'DE00001'),
('81379', 'DE00001'),
('81380', 'DE00001'),
('81381', 'DE00001'),
('81382', 'DE00001'),
('81383', 'DE00001'),
('81384', 'DE00001'),
('81385', 'DE00001'),
('81386', 'DE00001'),
('81387', 'DE00001'),
('81388', 'DE00001'),
('81389', 'DE00001'),
('81390', 'DE00001'),
('81391', 'DE00001'),
('81392', 'DE00001'),
('81393', 'DE00001'),
('81394', 'DE00001'),
('81395', 'DE00001'),
('81396', 'DE00001'),
('81397', 'DE00001'),
('81398', 'DE00001'),
('81399', 'DE00001'),
('81400', 'DE00001'),
('81401', 'DE00001'),
('81402', 'DE00001'),
('81403', 'DE00001'),
('81404', 'DE00001'),
('81405', 'DE00001'),
('81406', 'DE00001'),
('81407', 'DE00001'),
('81408', 'DE00001'),
('81409', 'DE00001'),
('81410', 'DE00001'),
('81411', 'DE00001'),
('81412', 'DE00001'),
('81413', 'DE00001'),
('81414', 'DE00001'),
('81415', 'DE00001'),
('81416', 'DE00001'),
('81417', 'DE00001'),
('81418', 'DE00001'),
('81419', 'DE00001'),
('81420', 'DE00001'),
('81421', 'DE00001'),
('81422', 'DE00001'),
('81423', 'DE00001'),
('81424', 'DE00001'),
('81425', 'DE00001'),
('81426', 'DE00001'),
('81427', 'DE00001'),
('81428', 'DE00001'),
('81429', 'DE00001'),
('81430', 'DE00001'),
('81431', 'DE00001'),
('81432', 'DE00001'),
('81433', 'DE00001'),
('81434', 'DE00001'),
('81435', 'DE00001'),
('81436', 'DE00001'),
('81437', 'DE00001'),
('81438', 'DE00001'),
('81439', 'DE00001'),
('81440', 'DE00001'),
('81441', 'DE00001'),
('81442', 'DE00001'),
('81443', 'DE00001'),
('81444', 'DE00001'),
('81445', 'DE00001'),
('81446', 'DE00001'),
('81447', 'DE00001'),
('81448', 'DE00001'),
('81449', 'DE00001'),
('81450', 'DE00001'),
('81451', 'DE00001'),
('81452', 'DE00001'),
('81453', 'DE00001'),
('81454', 'DE00001'),
('81455', 'DE00001'),
('81456', 'DE00001'),
('81457', 'DE00001'),
('81458', 'DE00001'),
('81459', 'DE00001'),
('81460', 'DE00001'),
('81461', 'DE00001'),
('81462', 'DE00001'),
('81463', 'DE00001'),
('81464', 'DE00001'),
('81465', 'DE00001'),
('81466', 'DE00001'),
('81467', 'DE00001'),
('81468', 'DE00001'),
('81469', 'DE00001'),
('81470', 'DE00001'),
('81471', 'DE00001'),
('81472', 'DE00001'),
('81473', 'DE00001'),
('81474', 'DE00001'),
('81475', 'DE00001'),
('81476', 'DE00001'),
('81477', 'DE00001'),
('81478', 'DE00001'),
('81479', 'DE00001'),
('81480', 'DE00001'),
('81481', 'DE00001'),
('81482', 'DE00001'),
('81483', 'DE00001'),
('81484', 'DE00001'),
('81485', 'DE00001'),
('81486', 'DE00001'),
('81487', 'DE00001'),
('81488', 'DE00001'),
('81489', 'DE00001'),
('81490', 'DE00001'),
('81491', 'DE00001'),
('81492', 'DE00001'),
('81493', 'DE00001'),
('81494', 'DE00001'),
('81495', 'DE00001'),
('81496', 'DE00001'),
('81497', 'DE00001'),
('81498', 'DE00001'),
('81499', 'DE00001'),
('81500', 'DE00001'),
('81501', 'DE00001'),
('81502', 'DE00001'),
('81503', 'DE00001'),
('81504', 'DE00001'),
('81505', 'DE00001'),
('81506', 'DE00001'),
('81507', 'DE00001'),
('81508', 'DE00001'),
('81509', 'DE00001'),
('81510', 'DE00001'),
('81511', 'DE00001'),
('81512', 'DE00001'),
('81513', 'DE00001'),
('81514', 'DE00001'),
('81515', 'DE00001'),
('81516', 'DE00001'),
('81517', 'DE00001'),
('81518', 'DE00001'),
('81519', 'DE00001'),
('81520', 'DE00001'),
('81521', 'DE00001'),
('81522', 'DE00001'),
('81523', 'DE00001'),
('81524', 'DE00001'),
('81525', 'DE00001'),
('81526', 'DE00001'),
('81527', 'DE00001'),
('81528', 'DE00001'),
('81529', 'DE00001'),
('81530', 'DE00001'),
('81531', 'DE00001'),
('81532', 'DE00001'),
('81533', 'DE00001'),
('81534', 'DE00001'),
('81535', 'DE00001'),
('81536', 'DE00001'),
('81537', 'DE00001'),
('81538', 'DE00001'),
('81539', 'DE00001'),
('81540', 'DE00001'),
('81541', 'DE00001'),
('81542', 'DE00001'),
('81543', 'DE00001'),
('81544', 'DE00001'),
('81545', 'DE00001'),
('81546', 'DE00001'),
('81547', 'DE00001'),
('81548', 'DE00001'),
('81549', 'DE00001'),
('81550', 'DE00001'),
('81551', 'DE00001'),
('81552', 'DE00001'),
('81553', 'DE00001'),
('81554', 'DE00001'),
('81555', 'DE00001'),
('81556', 'DE00001'),
('81557', 'DE00001'),
('81558', 'DE00001'),
('81559', 'DE00001'),
('81560', 'DE00001'),
('81561', 'DE00001'),
('81562', 'DE00001'),
('81563', 'DE00001'),
('81564', 'DE00001'),
('81565', 'DE00001'),
('81566', 'DE00001'),
('81567', 'DE00001'),
('81568', 'DE00001'),
('81569', 'DE00001'),
('81570', 'DE00001'),
('81571', 'DE00001'),
('81572', 'DE00001'),
('81573', 'DE00001'),
('81574', 'DE00001'),
('81575', 'DE00001'),
('81576', 'DE00001'),
('81577', 'DE00001'),
('81578', 'DE00001'),
('81579', 'DE00001'),
('81580', 'DE00001'),
('81581', 'DE00001'),
('81582', 'DE00001'),
('81583', 'DE00001'),
('81584', 'DE00001'),
('81585', 'DE00001'),
('81586', 'DE00001'),
('81587', 'DE00001'),
('81588', 'DE00001'),
('81589', 'DE00001'),
('81590', 'DE00001'),
('81591', 'DE00001'),
('81592', 'DE00001'),
('81593', 'DE00001'),
('81594', 'DE00001'),
('81595', 'DE00001'),
('81596', 'DE00001'),
('81597', 'DE00001'),
('81598', 'DE00001'),
('81599', 'DE00001'),
('81600', 'DE00001'),
('81601', 'DE00001'),
('81602', 'DE00001'),
('81603', 'DE00001'),
('81604', 'DE00001'),
('81605', 'DE00001'),
('81606', 'DE00001'),
('81607', 'DE00001'),
('81608', 'DE00001'),
('81609', 'DE00001'),
('81610', 'DE00001'),
('81611', 'DE00001'),
('81612', 'DE00001'),
('81613', 'DE00001'),
('81614', 'DE00001'),
('81615', 'DE00001'),
('81616', 'DE00001'),
('81617', 'DE00001'),
('81618', 'DE00001'),
('81619', 'DE00001'),
('81620', 'DE00001'),
('81621', 'DE00001'),
('81622', 'DE00001'),
('81623', 'DE00001'),
('81624', 'DE00001'),
('81625', 'DE00001'),
('81626', 'DE00001'),
('81627', 'DE00001'),
('81628', 'DE00001'),
('81629', 'DE00001'),
('81630', 'DE00001'),
('81631', 'DE00001'),
('81632', 'DE00001'),
('81633', 'DE00001'),
('81634', 'DE00001'),
('81635', 'DE00001'),
('81636', 'DE00001'),
('81637', 'DE00001'),
('81638', 'DE00001'),
('81639', 'DE00001'),
('81640', 'DE00001'),
('81641', 'DE00001'),
('81642', 'DE00001'),
('81643', 'DE00001'),
('81644', 'DE00001'),
('81645', 'DE00001'),
('81646', 'DE00001'),
('81647', 'DE00001'),
('81648', 'DE00001'),
('81649', 'DE00001'),
('81650', 'DE00001'),
('81651', 'DE00001'),
('81652', 'DE00001'),
('81653', 'DE00001'),
('81654', 'DE00001'),
('81655', 'DE00001'),
('81656', 'DE00001'),
('81657', 'DE00001'),
('81658', 'DE00001'),
('81659', 'DE00001'),
('81660', 'DE00001'),
('81661', 'DE00001'),
('81662', 'DE00001'),
('81663', 'DE00001'),
('81664', 'DE00001'),
('81665', 'DE00001'),
('81666', 'DE00001'),
('81667', 'DE00001'),
('81668', 'DE00001'),
('81669', 'DE00001'),
('81670', 'DE00001'),
('81671', 'DE00001'),
('81672', 'DE00001'),
('81673', 'DE00001'),
('81674', 'DE00001'),
('81675', 'DE00001'),
('81676', 'DE00001'),
('81677', 'DE00001'),
('81678', 'DE00001'),
('81679', 'DE00001'),
('81680', 'DE00001'),
('81681', 'DE00001'),
('81682', 'DE00001'),
('81683', 'DE00001'),
('81684', 'DE00001'),
('81685', 'DE00001'),
('81686', 'DE00001'),
('81687', 'DE00001'),
('81688', 'DE00001'),
('81689', 'DE00001'),
('81690', 'DE00001'),
('81691', 'DE00001'),
('81692', 'DE00001'),
('81693', 'DE00001'),
('81694', 'DE00001'),
('81695', 'DE00001'),
('81696', 'DE00001'),
('81697', 'DE00001'),
('81698', 'DE00001'),
('81699', 'DE00001'),
('81700', 'DE00001'),
('81701', 'DE00001'),
('81702', 'DE00001'),
('81703', 'DE00001'),
('81704', 'DE00001'),
('81705', 'DE00001'),
('81706', 'DE00001'),
('81707', 'DE00001'),
('81708', 'DE00001'),
('81709', 'DE00001'),
('81710', 'DE00001'),
('81711', 'DE00001'),
('81712', 'DE00001'),
('81713', 'DE00001'),
('81714', 'DE00001'),
('81715', 'DE00001'),
('81716', 'DE00001'),
('81717', 'DE00001'),
('81718', 'DE00001'),
('81719', 'DE00001'),
('81720', 'DE00001'),
('81721', 'DE00001'),
('81722', 'DE00001'),
('81723', 'DE00001'),
('81724', 'DE00001'),
('81725', 'DE00001'),
('81726', 'DE00001'),
('81727', 'DE00001'),
('81728', 'DE00001'),
('81729', 'DE00001'),
('81730', 'DE00001'),
('81731', 'DE00001'),
('81732', 'DE00001'),
('81733', 'DE00001'),
('81734', 'DE00001'),
('81735', 'DE00001'),
('81736', 'DE00001'),
('81737', 'DE00001'),
('81738', 'DE00001'),
('81739', 'DE00001'),
('81740', 'DE00001'),
('81741', 'DE00001'),
('81742', 'DE00001'),
('81743', 'DE00001'),
('81744', 'DE00001'),
('81745', 'DE00001'),
('81746', 'DE00001'),
('81747', 'DE00001'),
('81748', 'DE00001'),
('81749', 'DE00001'),
('81750', 'DE00001'),
('81751', 'DE00001'),
('81752', 'DE00001'),
('81753', 'DE00001'),
('81754', 'DE00001'),
('81755', 'DE00001'),
('81756', 'DE00001'),
('81757', 'DE00001'),
('81758', 'DE00001'),
('81759', 'DE00001'),
('81760', 'DE00001'),
('81761', 'DE00001'),
('81762', 'DE00001'),
('81763', 'DE00001'),
('81764', 'DE00001'),
('81765', 'DE00001'),
('81766', 'DE00001'),
('81767', 'DE00001'),
('81768', 'DE00001'),
('81769', 'DE00001'),
('81770', 'DE00001'),
('81771', 'DE00001'),
('81772', 'DE00001'),
('81773', 'DE00001'),
('81774', 'DE00001'),
('81775', 'DE00001'),
('81776', 'DE00001'),
('81777', 'DE00001'),
('81778', 'DE00001'),
('81779', 'DE00001'),
('81780', 'DE00001'),
('81781', 'DE00001'),
('81782', 'DE00001'),
('81783', 'DE00001'),
('81784', 'DE00001'),
('81785', 'DE00001'),
('81786', 'DE00001'),
('81787', 'DE00001'),
('81788', 'DE00001'),
('81789', 'DE00001'),
('81790', 'DE00001'),
('81791', 'DE00001'),
('81792', 'DE00001'),
('81793', 'DE00001'),
('81794', 'DE00001'),
('81795', 'DE00001'),
('81796', 'DE00001'),
('81797', 'DE00001'),
('81798', 'DE00001'),
('81799', 'DE00001'),
('81800', 'DE00001'),
('81801', 'DE00001'),
('81802', 'DE00001'),
('81803', 'DE00001'),
('81804', 'DE00001'),
('81805', 'DE00001'),
('81806', 'DE00001'),
('81807', 'DE00001'),
('81808', 'DE00001'),
('81809', 'DE00001'),
('81810', 'DE00001'),
('81811', 'DE00001'),
('81812', 'DE00001'),
('81813', 'DE00001'),
('81814', 'DE00001'),
('81815', 'DE00001'),
('81816', 'DE00001'),
('81817', 'DE00001'),
('81818', 'DE00001'),
('81819', 'DE00001'),
('81820', 'DE00001'),
('81821', 'DE00001'),
('81822', 'DE00001'),
('81823', 'DE00001'),
('81824', 'DE00001'),
('81825', 'DE00001'),
('81826', 'DE00001'),
('81827', 'DE00001'),
('81828', 'DE00001'),
('81829', 'DE00001'),
('81830', 'DE00001'),
('81831', 'DE00001'),
('81832', 'DE00001'),
('81833', 'DE00001'),
('81834', 'DE00001'),
('81835', 'DE00001'),
('81836', 'DE00001'),
('81837', 'DE00001'),
('81838', 'DE00001'),
('81839', 'DE00001'),
('81840', 'DE00001'),
('81841', 'DE00001'),
('81842', 'DE00001'),
('81843', 'DE00001'),
('81844', 'DE00001'),
('81845', 'DE00001'),
('81846', 'DE00001'),
('81847', 'DE00001'),
('81848', 'DE00001'),
('81849', 'DE00001'),
('81850', 'DE00001'),
('81851', 'DE00001'),
('81852', 'DE00001'),
('81853', 'DE00001'),
('81854', 'DE00001'),
('81855', 'DE00001'),
('81856', 'DE00001'),
('81857', 'DE00001'),
('81858', 'DE00001'),
('81859', 'DE00001'),
('81860', 'DE00001'),
('81861', 'DE00001'),
('81862', 'DE00001'),
('81863', 'DE00001'),
('81864', 'DE00001'),
('81865', 'DE00001'),
('81866', 'DE00001'),
('81867', 'DE00001'),
('81868', 'DE00001'),
('81869', 'DE00001'),
('81870', 'DE00001'),
('81871', 'DE00001'),
('81872', 'DE00001'),
('81873', 'DE00001'),
('81874', 'DE00001'),
('81875', 'DE00001'),
('81876', 'DE00001'),
('81877', 'DE00001'),
('81878', 'DE00001'),
('81879', 'DE00001'),
('81880', 'DE00001'),
('81881', 'DE00001'),
('81882', 'DE00001'),
('81883', 'DE00001'),
('81884', 'DE00001'),
('81885', 'DE00001'),
('81886', 'DE00001'),
('81887', 'DE00001'),
('81888', 'DE00001'),
('81889', 'DE00001'),
('81890', 'DE00001'),
('81891', 'DE00001'),
('81892', 'DE00001'),
('81893', 'DE00001'),
('81894', 'DE00001'),
('81895', 'DE00001'),
('81896', 'DE00001'),
('81897', 'DE00001'),
('81898', 'DE00001'),
('81899', 'DE00001'),
('81900', 'DE00001'),
('81901', 'DE00001'),
('81902', 'DE00001'),
('81903', 'DE00001'),
('81904', 'DE00001'),
('81905', 'DE00001'),
('81906', 'DE00001'),
('81907', 'DE00001'),
('81908', 'DE00001'),
('81909', 'DE00001'),
('81910', 'DE00001'),
('81911', 'DE00001'),
('81912', 'DE00001'),
('81913', 'DE00001'),
('81914', 'DE00001'),
('81915', 'DE00001'),
('81916', 'DE00001'),
('81917', 'DE00001'),
('81918', 'DE00001'),
('81919', 'DE00001'),
('81920', 'DE00001'),
('81921', 'DE00001'),
('81922', 'DE00001'),
('81923', 'DE00001'),
('81924', 'DE00001'),
('81925', 'DE00001'),
('81926', 'DE00001'),
('81927', 'DE00001'),
('81928', 'DE00001'),
('81929', 'DE00001'),
('50667', 'GR00001'),
('50668', 'GR00001'),
('50669', 'GR00001'),
('50670', 'GR00001'),
('50671', 'GR00001'),
('50672', 'GR00001'),
('50673', 'GR00001'),
('50674', 'GR00001'),
('50675', 'GR00001'),
('50676', 'GR00001'),
('50677', 'GR00001'),
('50678', 'GR00001'),
('50679', 'GR00001'),
('50680', 'GR00001'),
('50681', 'GR00001'),
('50682', 'GR00001'),
('50683', 'GR00001'),
('50684', 'GR00001'),
('50685', 'GR00001'),
('50686', 'GR00001'),
('50687', 'GR00001'),
('50688', 'GR00001'),
('50689', 'GR00001'),
('50690', 'GR00001'),
('50691', 'GR00001'),
('50692', 'GR00001'),
('50693', 'GR00001'),
('50694', 'GR00001'),
('50695', 'GR00001'),
('50696', 'GR00001'),
('50697', 'GR00001'),
('50698', 'GR00001'),
('50699', 'GR00001'),
('50700', 'GR00001'),
('50701', 'GR00001'),
('50702', 'GR00001'),
('50703', 'GR00001'),
('50704', 'GR00001'),
('50705', 'GR00001'),
('50706', 'GR00001'),
('50707', 'GR00001'),
('50708', 'GR00001'),
('50709', 'GR00001'),
('50710', 'GR00001'),
('50711', 'GR00001'),
('50712', 'GR00001'),
('50713', 'GR00001'),
('50714', 'GR00001'),
('50715', 'GR00001'),
('50716', 'GR00001'),
('50717', 'GR00001'),
('50718', 'GR00001'),
('50719', 'GR00001'),
('50720', 'GR00001'),
('50721', 'GR00001'),
('50722', 'GR00001'),
('50723', 'GR00001'),
('50724', 'GR00001'),
('50725', 'GR00001'),
('50726', 'GR00001'),
('50727', 'GR00001'),
('50728', 'GR00001'),
('50729', 'GR00001'),
('50730', 'GR00001'),
('50731', 'GR00001'),
('50732', 'GR00001'),
('50733', 'GR00001'),
('50734', 'GR00001'),
('50735', 'GR00001'),
('50736', 'GR00001'),
('50737', 'GR00001'),
('50738', 'GR00001'),
('50739', 'GR00001'),
('50740', 'GR00001'),
('50741', 'GR00001'),
('50742', 'GR00001'),
('50743', 'GR00001'),
('50744', 'GR00001'),
('50745', 'GR00001'),
('50746', 'GR00001'),
('50747', 'GR00001'),
('50748', 'GR00001'),
('50749', 'GR00001'),
('50750', 'GR00001'),
('50751', 'GR00001'),
('50752', 'GR00001'),
('50753', 'GR00001'),
('50754', 'GR00001'),
('50755', 'GR00001'),
('50756', 'GR00001'),
('50757', 'GR00001'),
('50758', 'GR00001'),
('50759', 'GR00001'),
('50760', 'GR00001'),
('50761', 'GR00001'),
('50762', 'GR00001'),
('50763', 'GR00001'),
('50764', 'GR00001'),
('50765', 'GR00001'),
('50766', 'GR00001'),
('50767', 'GR00001'),
('50768', 'GR00001'),
('50769', 'GR00001'),
('50770', 'GR00001'),
('50771', 'GR00001'),
('50772', 'GR00001'),
('50773', 'GR00001'),
('50774', 'GR00001'),
('50775', 'GR00001'),
('50776', 'GR00001'),
('50777', 'GR00001'),
('50778', 'GR00001'),
('50779', 'GR00001'),
('50780', 'GR00001'),
('50781', 'GR00001'),
('50782', 'GR00001'),
('50783', 'GR00001'),
('50784', 'GR00001'),
('50785', 'GR00001'),
('50786', 'GR00001'),
('50787', 'GR00001'),
('50788', 'GR00001'),
('50789', 'GR00001'),
('50790', 'GR00001'),
('50791', 'GR00001'),
('50792', 'GR00001'),
('50793', 'GR00001'),
('50794', 'GR00001'),
('50795', 'GR00001'),
('50796', 'GR00001'),
('50797', 'GR00001'),
('50798', 'GR00001'),
('50799', 'GR00001'),
('50800', 'GR00001'),
('50801', 'GR00001'),
('50802', 'GR00001'),
('50803', 'GR00001'),
('50804', 'GR00001'),
('50805', 'GR00001'),
('50806', 'GR00001'),
('50807', 'GR00001'),
('50808', 'GR00001'),
('50809', 'GR00001'),
('50810', 'GR00001'),
('50811', 'GR00001'),
('50812', 'GR00001'),
('50813', 'GR00001'),
('50814', 'GR00001'),
('50815', 'GR00001'),
('50816', 'GR00001'),
('50817', 'GR00001'),
('50818', 'GR00001'),
('50819', 'GR00001'),
('50820', 'GR00001'),
('50821', 'GR00001'),
('50822', 'GR00001'),
('50823', 'GR00001'),
('50824', 'GR00001'),
('50825', 'GR00001'),
('50826', 'GR00001'),
('50827', 'GR00001'),
('50828', 'GR00001'),
('50829', 'GR00001'),
('50830', 'GR00001'),
('50831', 'GR00001'),
('50832', 'GR00001'),
('50833', 'GR00001'),
('50834', 'GR00001'),
('50835', 'GR00001'),
('50836', 'GR00001'),
('50837', 'GR00001'),
('50838', 'GR00001'),
('50839', 'GR00001'),
('50840', 'GR00001'),
('50841', 'GR00001'),
('50842', 'GR00001'),
('50843', 'GR00001'),
('50844', 'GR00001'),
('50845', 'GR00001'),
('50846', 'GR00001'),
('50847', 'GR00001'),
('50848', 'GR00001'),
('50849', 'GR00001'),
('50850', 'GR00001'),
('50851', 'GR00001'),
('50852', 'GR00001'),
('50853', 'GR00001'),
('50854', 'GR00001'),
('50855', 'GR00001'),
('50856', 'GR00001'),
('50857', 'GR00001'),
('50858', 'GR00001'),
('50859', 'GR00001'),
('50860', 'GR00001'),
('50861', 'GR00001'),
('50862', 'GR00001'),
('50863', 'GR00001'),
('50864', 'GR00001'),
('50865', 'GR00001'),
('50866', 'GR00001'),
('50867', 'GR00001'),
('50868', 'GR00001'),
('50869', 'GR00001'),
('50870', 'GR00001'),
('50871', 'GR00001'),
('50872', 'GR00001'),
('50873', 'GR00001'),
('50874', 'GR00001'),
('50875', 'GR00001'),
('50876', 'GR00001'),
('50877', 'GR00001'),
('50878', 'GR00001'),
('50879', 'GR00001'),
('50880', 'GR00001'),
('50881', 'GR00001'),
('50882', 'GR00001'),
('50883', 'GR00001'),
('50884', 'GR00001'),
('50885', 'GR00001'),
('50886', 'GR00001'),
('50887', 'GR00001'),
('50888', 'GR00001'),
('50889', 'GR00001'),
('50890', 'GR00001'),
('50891', 'GR00001'),
('50892', 'GR00001'),
('50893', 'GR00001'),
('50894', 'GR00001'),
('50895', 'GR00001'),
('50896', 'GR00001'),
('50897', 'GR00001'),
('50898', 'GR00001'),
('50899', 'GR00001'),
('50900', 'GR00001'),
('50901', 'GR00001'),
('50902', 'GR00001'),
('50903', 'GR00001'),
('50904', 'GR00001'),
('50905', 'GR00001'),
('50906', 'GR00001'),
('50907', 'GR00001'),
('50908', 'GR00001'),
('50909', 'GR00001'),
('50910', 'GR00001'),
('50911', 'GR00001'),
('50912', 'GR00001'),
('50913', 'GR00001'),
('50914', 'GR00001'),
('50915', 'GR00001'),
('50916', 'GR00001'),
('50917', 'GR00001'),
('50918', 'GR00001'),
('50919', 'GR00001'),
('50920', 'GR00001'),
('50921', 'GR00001'),
('50922', 'GR00001'),
('50923', 'GR00001'),
('50924', 'GR00001'),
('50925', 'GR00001'),
('50926', 'GR00001'),
('50927', 'GR00001'),
('50928', 'GR00001'),
('50929', 'GR00001'),
('50930', 'GR00001'),
('50931', 'GR00001'),
('50932', 'GR00001'),
('50933', 'GR00001'),
('50934', 'GR00001'),
('50935', 'GR00001'),
('50936', 'GR00001'),
('50937', 'GR00001'),
('50938', 'GR00001'),
('50939', 'GR00001'),
('50940', 'GR00001'),
('50941', 'GR00001'),
('50942', 'GR00001'),
('50943', 'GR00001'),
('50944', 'GR00001'),
('50945', 'GR00001'),
('50946', 'GR00001'),
('50947', 'GR00001'),
('50948', 'GR00001'),
('50949', 'GR00001'),
('50950', 'GR00001'),
('50951', 'GR00001'),
('50952', 'GR00001'),
('50953', 'GR00001'),
('50954', 'GR00001'),
('50955', 'GR00001'),
('50956', 'GR00001'),
('50957', 'GR00001'),
('50958', 'GR00001'),
('50959', 'GR00001'),
('50960', 'GR00001'),
('50961', 'GR00001'),
('50962', 'GR00001'),
('50963', 'GR00001'),
('50964', 'GR00001'),
('50965', 'GR00001'),
('50966', 'GR00001'),
('50967', 'GR00001'),
('50968', 'GR00001'),
('50969', 'GR00001'),
('50970', 'GR00001'),
('50971', 'GR00001'),
('50972', 'GR00001'),
('50973', 'GR00001'),
('50974', 'GR00001'),
('50975', 'GR00001'),
('50976', 'GR00001'),
('50977', 'GR00001'),
('50978', 'GR00001'),
('50979', 'GR00001'),
('50980', 'GR00001'),
('50981', 'GR00001'),
('50982', 'GR00001'),
('50983', 'GR00001'),
('50984', 'GR00001'),
('50985', 'GR00001'),
('50986', 'GR00001'),
('50987', 'GR00001'),
('50988', 'GR00001'),
('50989', 'GR00001'),
('50990', 'GR00001'),
('50991', 'GR00001'),
('50992', 'GR00001'),
('50993', 'GR00001'),
('50994', 'GR00001'),
('50995', 'GR00001'),
('50996', 'GR00001'),
('50997', 'GR00001'),
('50998', 'GR00001'),
('50999', 'GR00001'),
('51000', 'GR00001'),
('51001', 'GR00001'),
('51002', 'GR00001'),
('51003', 'GR00001'),
('51004', 'GR00001'),
('51005', 'GR00001'),
('51006', 'GR00001'),
('51007', 'GR00001'),
('51008', 'GR00001'),
('51009', 'GR00001'),
('51010', 'GR00001'),
('51011', 'GR00001'),
('51012', 'GR00001'),
('51013', 'GR00001'),
('51014', 'GR00001'),
('51015', 'GR00001'),
('51016', 'GR00001'),
('51017', 'GR00001'),
('51018', 'GR00001'),
('51019', 'GR00001'),
('51020', 'GR00001'),
('51021', 'GR00001'),
('51022', 'GR00001'),
('51023', 'GR00001'),
('51024', 'GR00001'),
('51025', 'GR00001'),
('51026', 'GR00001'),
('51027', 'GR00001'),
('51028', 'GR00001'),
('51029', 'GR00001'),
('51030', 'GR00001'),
('51031', 'GR00001'),
('51032', 'GR00001'),
('51033', 'GR00001'),
('51034', 'GR00001'),
('51035', 'GR00001'),
('51036', 'GR00001'),
('51037', 'GR00001'),
('51038', 'GR00001'),
('51039', 'GR00001'),
('51040', 'GR00001'),
('51041', 'GR00001'),
('51042', 'GR00001'),
('51043', 'GR00001'),
('51044', 'GR00001'),
('51045', 'GR00001'),
('51046', 'GR00001'),
('51047', 'GR00001'),
('51048', 'GR00001'),
('51049', 'GR00001'),
('51050', 'GR00001'),
('51051', 'GR00001'),
('51052', 'GR00001'),
('51053', 'GR00001'),
('51054', 'GR00001'),
('51055', 'GR00001'),
('51056', 'GR00001'),
('51057', 'GR00001'),
('51058', 'GR00001'),
('51059', 'GR00001'),
('51060', 'GR00001'),
('51061', 'GR00001'),
('51062', 'GR00001'),
('51063', 'GR00001'),
('51064', 'GR00001'),
('51065', 'GR00001'),
('51066', 'GR00001'),
('51067', 'GR00001'),
('51068', 'GR00001'),
('51069', 'GR00001'),
('51070', 'GR00001'),
('51071', 'GR00001'),
('51072', 'GR00001'),
('51073', 'GR00001'),
('51074', 'GR00001'),
('51075', 'GR00001'),
('51076', 'GR00001'),
('51077', 'GR00001'),
('51078', 'GR00001'),
('51079', 'GR00001'),
('51080', 'GR00001'),
('51081', 'GR00001'),
('51082', 'GR00001'),
('51083', 'GR00001'),
('51084', 'GR00001'),
('51085', 'GR00001'),
('51086', 'GR00001'),
('51087', 'GR00001'),
('51088', 'GR00001'),
('51089', 'GR00001'),
('51090', 'GR00001'),
('51091', 'GR00001'),
('51092', 'GR00001'),
('51093', 'GR00001'),
('51094', 'GR00001'),
('51095', 'GR00001'),
('51096', 'GR00001'),
('51097', 'GR00001'),
('51098', 'GR00001'),
('51099', 'GR00001'),
('51100', 'GR00001'),
('51101', 'GR00001'),
('51102', 'GR00001'),
('51103', 'GR00001'),
('51104', 'GR00001'),
('51105', 'GR00001'),
('51106', 'GR00001'),
('51107', 'GR00001'),
('51108', 'GR00001'),
('51109', 'GR00001'),
('51110', 'GR00001'),
('51111', 'GR00001'),
('51112', 'GR00001'),
('51113', 'GR00001'),
('51114', 'GR00001'),
('51115', 'GR00001'),
('51116', 'GR00001'),
('51117', 'GR00001'),
('51118', 'GR00001'),
('51119', 'GR00001'),
('51120', 'GR00001'),
('51121', 'GR00001'),
('51122', 'GR00001'),
('51123', 'GR00001'),
('51124', 'GR00001'),
('51125', 'GR00001'),
('51126', 'GR00001'),
('51127', 'GR00001'),
('51128', 'GR00001'),
('51129', 'GR00001'),
('51130', 'GR00001'),
('51131', 'GR00001'),
('51132', 'GR00001'),
('51133', 'GR00001'),
('51134', 'GR00001'),
('51135', 'GR00001'),
('51136', 'GR00001'),
('51137', 'GR00001'),
('51138', 'GR00001'),
('51139', 'GR00001'),
('51140', 'GR00001'),
('51141', 'GR00001'),
('51142', 'GR00001'),
('51143', 'GR00001'),
('51144', 'GR00001'),
('51145', 'GR00001'),
('51146', 'GR00001'),
('51147', 'GR00001'),
('51148', 'GR00001'),
('51149', 'GR00001');
INSERT INTO hotel (hotel_id, hotel_name, city_id) VALUES
('150', 'HOTEL001', 'PTCT0001'),
('120', 'HOTEL002', 'ITCT0001'),
('100', 'HOTEL003', 'DECT0001'),
('80', 'HOTEL004', 'ATCT0001'),
('200', 'HOTEL005', 'MECT0001'),
('90', 'HOTEL006', 'MECT0003'),
('110', 'HOTEL007', 'MECT0004'),
('50', 'HOTEL008', 'MECT0005'),
('75', 'HOTEL009', 'MECT0006'),
('60', 'HOTEL010', 'MECT0007'),
('40', 'HOTEL011', 'MECT0008'),
('30', 'HOTEL012', 'MECT0009'),
('50', 'HOTEL013', 'MECT0010'),
('80', 'HOTEL014', 'MECT0011'),
('90', 'HOTEL015', 'MECT0012'),
('120', 'HOTEL016', 'MECT0013'),
('100', 'HOTEL017', 'MECT0014'),
('150', 'HOTEL018', 'MECT0015'),
('60', 'HOTEL019', 'MECT0016');
INSERT INTO customer_table (cust_id, cust_first_name, cust_last_name, cust_address, cust_zip, cust_birthday) VALUES
('CUST0001', 'John', 'Doe', '123 Main St', '11849', '19800101'),
('CUST0002', 'Jane', 'Smith', '456 Oak Ave', '13120', '19751212'),
('CUST0003', 'Michael', 'Johnson', '789 Pine Rd', '80945', '19890420'),
('CUST0004', 'Emily', 'Davis', '101 Maple Dr', '13208', '19920315'),
('CUST0005', 'Robert', 'Brown', '202 Elm St', '81685', '19840630'),
('CUST0006', 'Patricia', 'Miller', '303 Cedar Ln', '80579', '19710905'),
('CUST0007', 'Daniel', 'Wilson', '404 Birch Ct', '12206', '19951111'),
('CUST0008', 'Linda', 'Taylor', '505 Walnut Ter', '80505', '19780322'),
('CUST0009', 'Christopher', 'Anderson', '606 Chestnut Pl', '11095', '19871201'),
('CUST0010', 'Susan', 'Thomas', '707 Cherry Cir', '13311', '19900127'),
('CUST0011', 'Matthew', 'Jackson', '808 Willow Way', '12654', '19750610'),
('CUST0012', 'Barbara', 'White', '909 Cypress Dr', '13954', '19691031'),
('CUST0013', 'Andrew', 'Harris', '111 Aspen St', '50690', '19921225'),
('CUST0014', 'Donna', 'Martin', '222 Poplar Ave', '13704', '19810505'),
('CUST0015', 'Mark', 'Thompson', '333 Magnolia Blvd', '80876', '19830318'),
('CUST0016', 'Carol', 'Garcia', '444 Dogwood Ln', '13888', '19760729'),
('CUST0017', 'David', 'Martinez', '555 Sycamore Rd', '10658', '19890909'),
('CUST0018', 'Sarah', 'Robinson', '666 Spruce Ct', '50731', '19740524'),
('CUST0019', 'Steven', 'Clark', '777 Redwood Dr', '24108', '19911212'),
('CUST0020', 'Lisa', 'Rodriguez', '888 Alder Pl', '12640', '19730602'),
('CUST0021', 'Joseph', 'Lewis', '999 Hickory St', '81220', '19880101'),
('CUST0022', 'Karen', 'Lee', '1211 Hemlock Ln', '11785', '19950615'),
('CUST0023', 'Kevin', 'Walker', '1313 Cottonwood Ct', '50751', '19711230'),
('CUST0024', 'Nancy', 'Hall', '1414 Filbert Ter', '81077', '19821010'),
('CUST0025', 'Brian', 'Allen', '1515 Lilac Dr', '81315', '19930303'),
('CUST0026', 'Laura', 'Young', '1616 Fern Rd', '10147', '19690620'),
('CUST0027', 'Paul', 'Hernandez', '1717 Larch St', '13622', '19801122'),
('CUST0028', 'Helen', 'King', '1818 Myrtle Ave', '10418', '19940404'),
('CUST0029', 'Ryan', 'Wright', '1919 Clover Ln', '81914', '19860909'),
('CUST0030', 'Betty', 'Lopez', '2020 Ivy Ct', '13835', '19720819'),
('CUST0031', 'Eric', 'Hill', '2121 Linden Pl', '80757', '19870214'),
('CUST0032', 'Sandra', 'Scott', '2222 Tulip Way', '50715', '19960505'),
('CUST0033', 'Timothy', 'Green', '2323 Mossy Ln', '80557', '19740707'),
('CUST0034', 'Angela', 'Adams', '2424 Daisy Dr', '13645', '19851231'),
('CUST0035', 'Richard', 'Baker', '2525 Iris Ct', '80448', '19980918'),
('CUST0036', 'Sharon', 'Gonzalez', '2626 Poppy Pl', '13583', '19780101'),
('CUST0037', 'Gregory', 'Nelson', '2727 Orchid Cir', '81615', '19920115'),
('CUST0038', 'Deborah', 'Carter', '2828 Jasmine Ave', '11936', '19850525'),
('CUST0039', 'Patrick', 'Mitchell', '2929 Dahlia Rd', '80949', '19760229'),
('CUST0040', 'George', 'Roberts', '3131 Azalea Ln', '81608', '19911212');
INSERT INTO inv_book_match (invoice_id, booking_id, cust_id, booking_type) VALUES
('INV0026', 'BOKF0001', 'CUST0009', 'Flight'),
('INV0006', 'BOKF0002', 'CUST0016', 'Flight'),
('INV0000', 'BOKF0003', 'CUST0039', 'Flight'),
('INV0015', 'BOKF0004', 'CUST0010', 'Flight'),
('INV0027', 'BOKF0005', 'CUST0036', 'Flight'),
('INV0002', 'BOKF0006', 'CUST0021', 'Flight'),
('INV0005', 'BOKF0007', 'CUST0006', 'Flight'),
('INV0019', 'BOKF0008', 'CUST0035', 'Flight'),
('INV0020', 'BOKF0009', 'CUST0026', 'Flight'),
('INV0020', 'BOKF0010', 'CUST0026', 'Flight'),
('INV0021', 'BOKF0011', 'CUST0008', 'Flight'),
('INV0001', 'BOKF0012', 'CUST0030', 'Flight'),
('INV0028', 'BOKF0013', 'CUST0012', 'Flight'),
('INV0018', 'BOKF0014', 'CUST0035', 'Flight'),
('INV0012', 'BOKF0015', 'CUST0012', 'Flight'),
('INV0005', 'BOKF0016', 'CUST0006', 'Flight'),
('INV0015', 'BOKF0017', 'CUST0010', 'Flight'),
('INV0027', 'BOKF0018', 'CUST0036', 'Flight'),
('INV0019', 'BOKF0019', 'CUST0035', 'Flight'),
('INV0029', 'BOKF0020', 'CUST0010', 'Flight'),
('INV0021', 'BOKF0021', 'CUST0008', 'Flight'),
('INV0006', 'BOKF0022', 'CUST0016', 'Flight'),
('INV0012', 'BOKF0023', 'CUST0012', 'Flight'),
('INV0020', 'BOKF0024', 'CUST0026', 'Flight'),
('INV0028', 'BOKF0025', 'CUST0012', 'Flight'),
('INV0015', 'BOKF0026', 'CUST0010', 'Flight'),
('INV0002', 'BOKF0027', 'CUST0021', 'Flight'),
('INV0010', 'BOKF0028', 'CUST0019', 'Flight'),
('INV0007', 'BOKF0029', 'CUST0030', 'Flight'),
('INV0019', 'BOKH0001', 'CUST0035', 'Hotel'),
('INV0027', 'BOKH0002', 'CUST0036', 'Hotel'),
('INV0016', 'BOKH0003', 'CUST0018', 'Hotel'),
('INV0003', 'BOKH0004', 'CUST0022', 'Hotel'),
('INV0019', 'BOKH0005', 'CUST0035', 'Hotel'),
('INV0012', 'BOKH0006', 'CUST0012', 'Hotel'),
('INV0021', 'BOKH0007', 'CUST0008', 'Hotel'),
('INV0009', 'BOKH0008', 'CUST0036', 'Hotel'),
('INV0027', 'BOKH0009', 'CUST0036', 'Hotel'),
('INV0024', 'BOKH0010', 'CUST0035', 'Hotel'),
('INV0005', 'BOKH0011', 'CUST0006', 'Hotel'),
('INV0028', 'BOKH0012', 'CUST0012', 'Hotel'),
('INV0021', 'BOKH0013', 'CUST0008', 'Hotel'),
('INV0029', 'BOKH0014', 'CUST0010', 'Hotel'),
('INV0020', 'BOKH0015', 'CUST0026', 'Hotel'),
('INV0006', 'BOKH0016', 'CUST0016', 'Hotel'),
('INV0002', 'BOKH0017', 'CUST0021', 'Hotel'),
('INV0014', 'BOKH0018', 'CUST0012', 'Hotel'),
('INV0017', 'BOKH0019', 'CUST0015', 'Hotel'),
('INV0006', 'BOKH0020', 'CUST0016', 'Hotel'),
('INV0009', 'BOKH0021', 'CUST0036', 'Hotel'),
('INV0018', 'BOKH0022', 'CUST0035', 'Hotel'),
('INV0008', 'BOKH0023', 'CUST0020', 'Hotel'),
('INV0029', 'BOKH0024', 'CUST0010', 'Hotel'),
('INV0005', 'BOKH0025', 'CUST0006', 'Hotel'),
('INV0012', 'BOKH0026', 'CUST0012', 'Hotel'),
('INV0027', 'BOKH0027', 'CUST0036', 'Hotel'),
('INV0010', 'BOKH0028', 'CUST0019', 'Hotel'),
('INV0017', 'BOKH0029', 'CUST0015', 'Hotel');
INSERT INTO hotel_booking (invoice_id, booking_id, booking_date, booking_price, hotel_id, hotel_start_date, hotel_end_date) VALUES
('INV0019', 'BOKH0001', '20190715', '865.37', '50', '20200820', '20190724'),
('INV0027', 'BOKH0002', '20240203', '808.02', '75', '20070614', '20060428'),
('INV0016', 'BOKH0003', '20240224', '265.25', '150', '20050913', '20091205'),
('INV0003', 'BOKH0004', '20070607', '537.56', '120', '20150524', '20181218'),
('INV0019', 'BOKH0005', '20170602', '837.29', '150', '20200327', '20071118'),
('INV0012', 'BOKH0006', '20021115', '53.11', '150', '20070517', '20240209'),
('INV0021', 'BOKH0007', '20100103', '170.45', '60', '20040521', '20081015'),
('INV0009', 'BOKH0008', '20050627', '539.67', '60', '20080304', '20211120'),
('INV0027', 'BOKH0009', '20080827', '370.51', '75', '20010521', '20110821'),
('INV0024', 'BOKH0010', '20220419', '339.49', '100', '20230319', '20041120'),
('INV0005', 'BOKH0011', '20141124', '184.63', '150', '20110510', '20141005'),
('INV0028', 'BOKH0012', '20221019', '608.23', '100', '20180104', '20200624'),
('INV0021', 'BOKH0013', '20080210', '528.4', '60', '20041027', '20020217'),
('INV0029', 'BOKH0014', '20071112', '718.05', '100', '20210420', '20190210'),
('INV0020', 'BOKH0015', '20150807', '909.55', '50', '20191003', '20080604'),
('INV0006', 'BOKH0016', '20210922', '789.15', '30', '20230318', '20210310'),
('INV0002', 'BOKH0017', '20200815', '829.8', '80', '20011210', '20080426'),
('INV0014', 'BOKH0018', '20090402', '257.25', '50', '20140510', '20171119'),
('INV0017', 'BOKH0019', '20190124', '282.87', '40', '20100501', '20210221'),
('INV0006', 'BOKH0020', '20240204', '337.28', '100', '20090209', '20101211'),
('INV0009', 'BOKH0021', '20240922', '624.99', '50', '20010323', '20090809'),
('INV0018', 'BOKH0022', '20010522', '501.31', '75', '20060507', '20190106'),
('INV0008', 'BOKH0023', '20010425', '829.19', '110', '20210122', '20200916'),
('INV0029', 'BOKH0024', '20220712', '443.61', '80', '20110206', '20040321'),
('INV0005', 'BOKH0025', '20091128', '489.52', '120', '20230426', '20050702'),
('INV0012', 'BOKH0026', '20081018', '497.05', '200', '20220518', '20070519'),
('INV0027', 'BOKH0027', '20000113', '976.06', '75', '20010911', '20100113'),
('INV0010', 'BOKH0028', '20240425', '659.64', '100', '20191126', '20020519'),
('INV0017', 'BOKH0029', '20070916', '519.21', '80', '20050601', '20100816');
INSERT INTO flight_route (route_id, fl_startplace, fl_endplace) VALUES
('ROUTE001', 'IT00001', 'SP00001'),
('ROUTE002', 'IT00001', 'SP00001'),
('ROUTE003', 'IT00001', 'FR00001'),
('ROUTE004', 'IT00001', 'DE00001'),
('ROUTE005', 'IT00001', 'DE00001'),
('ROUTE006', 'IT00001', 'GR00001'),
('ROUTE007', 'IT00001', 'SP00001'),
('ROUTE008', 'IT00001', 'SP00001'),
('ROUTE009', 'IT00001', 'FR00001'),
('ROUTE010', 'IT00001', 'DE00001'),
('ROUTE011', 'IT00001', 'DE00001'),
('ROUTE012', 'IT00001', 'GR00001'),
('ROUTE013', 'IT00001', 'SP00001'),
('ROUTE014', 'IT00001', 'SP00001'),
('ROUTE015', 'IT00001', 'FR00001'),
('ROUTE016', 'IT00001', 'DE00001'),
('ROUTE017', 'IT00001', 'DE00001'),
('ROUTE018', 'IT00001', 'GR00001'),
('ROUTE019', 'IT00001', 'SP00001'),
('ROUTE020', 'IT00001', 'SP00001'),
('ROUTE021', 'IT00001', 'FR00001'),
('ROUTE022', 'IT00001', 'DE00001'),
('ROUTE023', 'IT00001', 'DE00001'),
('ROUTE024', 'IT00001', 'GR00001'),
('ROUTE025', 'IT00001', 'SP00001'),
('ROUTE026', 'IT00001', 'SP00001'),
('ROUTE027', 'IT00001', 'FR00001'),
('ROUTE028', 'IT00001', 'DE00001'),
('ROUTE029', 'IT00001', 'DE00001'),
('ROUTE030', 'IT00001', 'GR00001'),
('ROUTE031', 'SP00001', 'IT00001'),
('ROUTE032', 'SP00001', 'IT00001'),
('ROUTE033', 'SP00001', 'IT00001'),
('ROUTE034', 'SP00001', 'IT00001'),
('ROUTE035', 'SP00001', 'IT00001'),
('ROUTE036', 'SP00001', 'FR00001'),
('ROUTE037', 'SP00001', 'DE00001'),
('ROUTE038', 'SP00001', 'DE00001'),
('ROUTE039', 'SP00001', 'GR00001'),
('ROUTE040', 'SP00001', 'IT00001'),
('ROUTE041', 'SP00001', 'IT00001'),
('ROUTE042', 'SP00001', 'IT00001'),
('ROUTE043', 'SP00001', 'IT00001'),
('ROUTE044', 'SP00001', 'IT00001'),
('ROUTE045', 'SP00001', 'FR00001'),
('ROUTE046', 'SP00001', 'DE00001'),
('ROUTE047', 'SP00001', 'DE00001'),
('ROUTE048', 'SP00001', 'GR00001'),
('ROUTE049', 'FR00001', 'IT00001'),
('ROUTE050', 'FR00001', 'IT00001'),
('ROUTE051', 'FR00001', 'IT00001'),
('ROUTE052', 'FR00001', 'IT00001'),
('ROUTE053', 'FR00001', 'IT00001'),
('ROUTE054', 'FR00001', 'SP00001'),
('ROUTE055', 'FR00001', 'SP00001'),
('ROUTE056', 'FR00001', 'DE00001'),
('ROUTE057', 'FR00001', 'DE00001'),
('ROUTE058', 'FR00001', 'GR00001'),
('ROUTE059', 'DE00001', 'IT00001'),
('ROUTE060', 'DE00001', 'IT00001'),
('ROUTE061', 'DE00001', 'IT00001'),
('ROUTE062', 'DE00001', 'IT00001'),
('ROUTE063', 'DE00001', 'IT00001'),
('ROUTE064', 'DE00001', 'SP00001'),
('ROUTE065', 'DE00001', 'SP00001'),
('ROUTE066', 'DE00001', 'FR00001'),
('ROUTE067', 'DE00001', 'GR00001'),
('ROUTE068', 'DE00001', 'IT00001'),
('ROUTE069', 'DE00001', 'IT00001'),
('ROUTE070', 'DE00001', 'IT00001'),
('ROUTE071', 'DE00001', 'IT00001'),
('ROUTE072', 'DE00001', 'IT00001'),
('ROUTE073', 'DE00001', 'SP00001'),
('ROUTE074', 'DE00001', 'SP00001'),
('ROUTE075', 'DE00001', 'FR00001'),
('ROUTE076', 'DE00001', 'GR00001'),
('ROUTE077', 'GR00001', 'IT00001'),
('ROUTE078', 'GR00001', 'IT00001'),
('ROUTE079', 'GR00001', 'IT00001'),
('ROUTE080', 'GR00001', 'IT00001'),
('ROUTE081', 'GR00001', 'IT00001'),
('ROUTE082', 'GR00001', 'SP00001'),
('ROUTE083', 'GR00001', 'SP00001'),
('ROUTE084', 'GR00001', 'FR00001'),
('ROUTE085', 'GR00001', 'DE00001'),
('ROUTE086', 'GR00001', 'DE00001');
INSERT INTO flight_booking (invoice_id, booking_id, booking_date, booking_price, flight_start_date, route_id) VALUES
('INV0026', 'BOKF0001', '20100828', '354.93', '20031005', 'ROUTE075'),
('INV0006', 'BOKF0002', '20160903', '239.52', '20080215', 'ROUTE064'),
('INV0000', 'BOKF0003', '20130411', '586.38', '20070702', 'ROUTE077'),
('INV0015', 'BOKF0004', '20030212', '465.62', '20150525', 'ROUTE037'),
('INV0027', 'BOKF0005', '20041202', '361.81', '20070920', 'ROUTE003'),
('INV0002', 'BOKF0006', '20050409', '955.44', '20060715', 'ROUTE075'),
('INV0005', 'BOKF0007', '20180310', '959.61', '20220503', 'ROUTE007'),
('INV0019', 'BOKF0008', '20050417', '181.8', '20000208', 'ROUTE032'),
('INV0020', 'BOKF0009', '20170518', '235.68', '20050207', 'ROUTE084'),
('INV0020', 'BOKF0010', '20181220', '97.55', '20040122', 'ROUTE042'),
('INV0021', 'BOKF0011', '20230517', '834.06', '20141101', 'ROUTE036'),
('INV0001', 'BOKF0012', '20100104', '625.04', '20180101', 'ROUTE078'),
('INV0028', 'BOKF0013', '20030127', '975.14', '20191023', 'ROUTE032'),
('INV0018', 'BOKF0014', '20010218', '692.88', '20190720', 'ROUTE086'),
('INV0012', 'BOKF0015', '20080918', '607.61', '20190301', 'ROUTE042'),
('INV0005', 'BOKF0016', '20030101', '587.88', '20141219', 'ROUTE070'),
('INV0015', 'BOKF0017', '20240924', '401.75', '20191221', 'ROUTE064'),
('INV0027', 'BOKF0018', '20181001', '128.51', '20140914', 'ROUTE024'),
('INV0019', 'BOKF0019', '20011209', '779.43', '20240207', 'ROUTE024'),
('INV0029', 'BOKF0020', '20000525', '849.77', '20220306', 'ROUTE011'),
('INV0021', 'BOKF0021', '20091020', '588.55', '20100618', 'ROUTE040'),
('INV0006', 'BOKF0022', '20010509', '282.92', '20100324', 'ROUTE044'),
('INV0012', 'BOKF0023', '20140804', '896.41', '20100605', 'ROUTE047'),
('INV0020', 'BOKF0024', '20110306', '852.3', '20100816', 'ROUTE040'),
('INV0028', 'BOKF0025', '20101007', '589.92', '20051119', 'ROUTE067'),
('INV0015', 'BOKF0026', '20150716', '224.92', '20220815', 'ROUTE041'),
('INV0002', 'BOKF0027', '20010302', '232.77', '20111206', 'ROUTE086'),
('INV0010', 'BOKF0028', '20190819', '654.21', '20190703', 'ROUTE025'),
('INV0007', 'BOKF0029', '20081201', '677.37', '20170726', 'ROUTE049');
